study,binge_location,binge_date,subject_id,treatment,sex,early_death,weight_day1,weight_day2,weight_day3,weight_day4,mean_intox,dose_day1,dose_day2,dose_day3,dose_day4,mean_withdrawal,peak_withdrawal,mean_bec,beh_1_1,beh_1_2,beh_1_3,beh_2_1,beh_2_2,beh_2_3,beh_3_1,beh_3_2,beh_3_3,beh_4_1,beh_4_2,beh_4_3,with_10,with_11,with_12,with_13,with_14,with_15,with_16,with_17,with_18,with_19,with_20,with_21,with_22,with_23,with_24,with_25,with_26,
srtx1,texas,9/1/19,1,ethanol,male,no,351,327,298,298,1.3,15,10,9,11,0.3,2.4,205,0,0,0,2,3,1,3,2,1,2,1,1,0,0,0,0,0,0,2.4,2.4,0,0,0,0,0,0,0,0,0,
srtx1,texas,9/1/19,2,ethanol,male,no,350,333,307,300,1.5,15,12,7,2.9,0.1,1,419,0,0,0,1,2,1,3,3,2,3,2,1,0,0,0,0,0,0,0,0,0,0,0,0,0,0,1,0,0,
srtx1,texas,9/1/19,3,ethanol,male,no,306,287,263,252,2,14,5,8,2.9,0.3,2.4,368,0,0,1,3,4,3,3,3,1,3,1,2,0,0,0,2.2,0,0,1,2.4,0,0,0,0,0,0,0,0,0,
srtx1,texas,9/1/19,4,ethanol,male,no,337,311,285,277,2,14,7,7,2.9,0.3,3,416,0,0,1,3,3,2,3,3,2,3,3,1,0,0,0,0,0,0,0,3,0,0,0,0,0,0,0,2,0,
srtx1,texas,9/1/19,5,ethanol,male,yes,340,,,,0.7,13,0,0,,,,404,0,0,2,,,,,,,,,,,,,,,,,,,,,,,,,,,
srtx1,texas,9/1/19,6,ethanol,male,no,331,311,289,274,1.7,14,9,7,2.9,0.3,2.4,412,0,0,1,1,2,3,3,3,2,1,2,2,0,0,0,0,0,0,0,0,2.4,0,0,0,0,0,1,2.2,0,
srtx1,texas,9/1/19,7,ethanol,male,yes,338,309,298,284,1.5,14,12,7,2.8,,,374,0,0,1,0,2,1,3,3,2,2,2,,,,,,,,,,,,,,,,,,,
srtx1,texas,9/1/19,8,ethanol,male,no,354,333,317,303,1.8,14,9,7,2.8,0.8,3,332,0,0,1,1,3,2,3,3,2,2,3,2,0,0,0,3,3,0,2.4,2.4,2.4,0,0,0,0,0,0,0,0,
srtx1,texas,9/1/19,9,ethanol,male,no,329,298,284,278,1.5,14,8,9,2.8,0.7,3,322,0,0,1,2,3,2,3,2,1,1,2,1,0,0,0,0,0,0,0,2.4,0,0,0,0,2.4,1,0,3,3,
srtx1,texas,9/1/19,10,ethanol,male,no,342,317,299,285,2.4,13,8,5,2.8,1.2,3.6,498,0,0,2,3,3,1,4,5,1,4,4,2,0,3,0,0,0,3,3,3.6,0,2.4,0,2.4,0,0,1,0,2.6,
srtx1,texas,9/1/19,11,ethanol,male,no,357,328,309,298,1.7,14,8,8,2.9,0.3,2.4,416,0,0,1,3,3,1,3,3,1,2,1,2,0,0,0,0,0,0,2.4,0,2.4,0,0,0,0,0,1,0,0,
srtx1,texas,9/1/19,12,ethanol,male,no,325,312,298,286,1.8,14,10,7,2.8,0.1,2.4,302,0,0,1,2,2,1,3,3,2,3,2,2,0,0,0,0,0,0,2.4,0,0,0,0,0,0,0,0,0,0,
srtx1,texas,9/1/19,13,ethanol,male,no,338,312,291,279,2.3,13,3,8,2.9,0.5,2.4,446,0,0,2,4,4,4,3,3,1,2,3,1,0,0,0,0,0,0,2.4,0,2.4,0,0,0,0,0,1,1,1,
srtx1,texas,9/1/19,14,ethanol,male,no,335,329,322,304,2.2,14,9,7,2.8,1.8,3.6,337,0,0,1,2,2,2,3,3,2,3,4,4,0,0,3,0,0,0,2.4,2.4,2.4,2.4,2.4,2.4,2.4,2.4,2.4,2.4,3.6,
srtx1,texas,9/1/19,15,ethanol,female,no,232,225,218,201,1.7,15,10,8,3,0.6,3,440,0,0,0,2,2,1,3,3,1,4,3,1,0,0,0,0,0,0,0,2.4,2.4,2.4,0,0,0,0,0,0,3,
srtx1,texas,9/1/19,16,ethanol,female,no,245,230,213,208,1.4,15,11,8,3,0.5,3.4,406,0,0,0,0,3,1,3,3,1,4,1,1,0,0,0,3.4,0,0,2.4,0,2.4,0,0,0,0,0,0,0,0,
srtx1,texas,9/1/19,17,ethanol,female,no,220,198,192,185,1.8,15,7,7,3,2.1,3.8,429,0,0,0,2,4,2,3,3,2,2,2,1,3,3,3.4,0,2.2,3,3,3.8,3.6,2.4,2.4,0,3,3,0,0,0,
srtx1,texas,9/1/19,18,ethanol,female,no,259,235,223,219,1.8,13,7,9,3,0.7,3.8,350,0,0,3,3,3,2,3,2,1,1,2,2,0,0,0,0,0,0,3.8,3,0,0,0,0,0,0,0,2,3.2,
srtx1,texas,9/1/19,19,ethanol,female,no,237,230,210,212,1.6,14,9,8,3,0.1,2.2,344,0,0,1,1,2,3,3,3,1,1,3,1,0,0,0,0,2.2,0,0,0,0,0,0,0,0,0,0,0,0,
srtx1,texas,9/1/19,20,ethanol,female,yes,238,224,218,,1.3,15,10,8,,,,282,0,0,0,1,3,1,3,3,1,,,,,,,,,,,,,,,,,,,,,
srtx1,texas,9/1/19,21,ethanol,female,no,229,220,214,207,1.4,15,9,9,2.9,0.2,3.6,334,0,0,0,2,3,1,2,3,1,2,2,1,0,0,0,0,0,0,0,0,3.6,0,0,0,0,0,0,0,0,
srtx1,texas,9/1/19,22,ethanol,female,yes,227,214,207,200,1.9,14,8,8,2.8,1,3.6,401,0,0,1,3,3,1,2,2,3,3,3,,,,,,,,,,,,,,,,,,,
srtx1,texas,9/1/19,23,ethanol,female,no,236,223,215,210,1.7,14,9,9,2.9,0,0,321,0,0,1,1,3,2,3,2,1,2,3,2,0,0,0,0,2.2,0,2.4,3,3.6,3.6,0,0,0,2.4,0,0,0,
srtx1,texas,9/1/19,24,ethanol,female,no,236,224,212,204,1.8,13,8,9,3,0.1,1.4,390,0,0,2,2,3,2,2,3,1,2,3,1,0,0,0,0,0,0,0,0,0,0,0,0,0,0,0,0,0,
srtx1,texas,9/1/19,25,ethanol,female,no,239,238,234,224,1.3,15,9,11,3,0.1,1,77,0,0,0,2,3,1,1,1,2,2,2,2,0,0,0,0,0,0,0,1,0,0,0,0,0,0,1.4,0,0,
srtx1,texas,9/1/19,26,ethanol,female,yes,245,226,221,,1.3,15,10,1,,,,,0,0,0,1,3,1,4,,,,,,,,,,,,,,,,,,,,,,,
srtx1,texas,9/1/19,27,ethanol,female,no,235,220,212,207,1.3,14,9,10,3,0.1,1,318,0,0,1,2,3,1,2,2,1,1,2,1,0,0,0,0,0,0,0,0,1,0,0,0,1,0,0,0,0,
srtx1,texas,9/1/19,28,ethanol,female,yes,241,232,224,213,1.6,14,11,9,2.3,,,435,0,0,1,0,3,1,3,2,1,2,2,4,,,,,,,,,,,,,,,,,,
srtx1,texas,9/1/19,29,control,male,no,372,352,333,324,,,,,,,,,,,,,,,,,,,,,,,,,,,,,,,,,,,,,,
srtx1,texas,9/1/19,30,control,male,no,348,320,313,298,,,,,,,,,,,,,,,,,,,,,,,,,,,,,,,,,,,,,,
srtx1,texas,9/1/19,31,control,male,yes,320,305,300,291,,,,,,,,,,,,,,,,,,,,,,,,,,,,,,,,,,,,,,
srtx1,texas,9/1/19,32,control,male,no,340,315,321,303,,,,,,,,,,,,,,,,,,,,,,,,,,,,,,,,,,,,,,
srtx1,texas,9/1/19,33,control,male,no,353,336,326,313,,,,,,,,,,,,,,,,,,,,,,,,,,,,,,,,,,,,,,
srtx1,texas,9/1/19,34,control,male,no,315,303,297,285,,,,,,,,,,,,,,,,,,,,,,,,,,,,,,,,,,,,,,
srtx1,texas,9/1/19,35,control,male,no,333,317,310,297,,,,,,,,,,,,,,,,,,,,,,,,,,,,,,,,,,,,,,
srtx1,texas,9/1/19,36,control,male,no,336,316,322,307,,,,,,,,,,,,,,,,,,,,,,,,,,,,,,,,,,,,,,
srtx1,texas,9/1/19,37,control,male,no,326,324,298,288,,,,,,,,,,,,,,,,,,,,,,,,,,,,,,,,,,,,,,
srtx1,texas,9/1/19,38,control,male,no,348,329,325,311,,,,,,,,,,,,,,,,,,,,,,,,,,,,,,,,,,,,,,
srtx1,texas,9/1/19,39,control,male,no,358,333,314,316,,,,,,,,,,,,,,,,,,,,,,,,,,,,,,,,,,,,,,
srtx1,texas,9/1/19,40,control,male,no,317,304,288,279,,,,,,,,,,,,,,,,,,,,,,,,,,,,,,,,,,,,,,
srtx1,texas,9/1/19,41,control,female,no,231,220,218,208,,,,,,,,,,,,,,,,,,,,,,,,,,,,,,,,,,,,,,
srtx1,texas,9/1/19,42,control,female,no,220,209,202,196,,,,,,,,,,,,,,,,,,,,,,,,,,,,,,,,,,,,,,
srtx1,texas,9/1/19,43,control,female,no,220,213,209,202,,,,,,,,,,,,,,,,,,,,,,,,,,,,,,,,,,,,,,
srtx1,texas,9/1/19,44,control,female,yes,245,232,230,218,,,,,,,,,,,,,,,,,,,,,,,,,,,,,,,,,,,,,,
srtx1,texas,9/1/19,45,control,female,no,237,228,224,215,,,,,,,,,,,,,,,,,,,,,,,,,,,,,,,,,,,,,,
srtx1,texas,9/1/19,46,control,female,no,240,222,214,207,,,,,,,,,,,,,,,,,,,,,,,,,,,,,,,,,,,,,,
srtx1,texas,9/1/19,47,control,female,no,241,235,228,218,,,,,,,,,,,,,,,,,,,,,,,,,,,,,,,,,,,,,,
srtx1,texas,9/1/19,48,control,female,no,220,214,206,202,,,,,,,,,,,,,,,,,,,,,,,,,,,,,,,,,,,,,,
srtx1,texas,9/1/19,49,control,female,no,228,219,214,205,,,,,,,,,,,,,,,,,,,,,,,,,,,,,,,,,,,,,,
srtx1,texas,9/1/19,50,control,female,no,240,236,229,220,,,,,,,,,,,,,,,,,,,,,,,,,,,,,,,,,,,,,,
srtx1,texas,9/1/19,51,control,female,no,225,222,211,202,,,,,,,,,,,,,,,,,,,,,,,,,,,,,,,,,,,,,,
srtx1,texas,9/1/19,52,control,female,no,237,226,226,213,,,,,,,,,,,,,,,,,,,,,,,,,,,,,,,,,,,,,,
srtx1,texas,9/1/19,53,ubc,male,no,351,355,,,,,,,,,,,,,,,,,,,,,,,,,,,,,,,,,,,,,,,,
srtx1,texas,9/1/19,54,ubc,male,no,333,336,,,,,,,,,,,,,,,,,,,,,,,,,,,,,,,,,,,,,,,,
srtx1,texas,9/1/19,55,ubc,male,no,319,318,,,,,,,,,,,,,,,,,,,,,,,,,,,,,,,,,,,,,,,,
srtx1,texas,9/1/19,56,ubc,male,no,344,332,,,,,,,,,,,,,,,,,,,,,,,,,,,,,,,,,,,,,,,,
srtx1,texas,9/1/19,57,ubc,male,no,355,363,,,,,,,,,,,,,,,,,,,,,,,,,,,,,,,,,,,,,,,,
srtx1,texas,9/1/19,58,ubc,male,no,347,353,,,,,,,,,,,,,,,,,,,,,,,,,,,,,,,,,,,,,,,,
srtx1,texas,9/1/19,59,ubc,female,no,231,236,,,,,,,,,,,,,,,,,,,,,,,,,,,,,,,,,,,,,,,,
srtx1,texas,9/1/19,60,ubc,female,no,245,245,,,,,,,,,,,,,,,,,,,,,,,,,,,,,,,,,,,,,,,,
srtx1,texas,9/1/19,61,ubc,female,no,246,239,,,,,,,,,,,,,,,,,,,,,,,,,,,,,,,,,,,,,,,,
srtx1,texas,9/1/19,62,ubc,female,no,245,245,,,,,,,,,,,,,,,,,,,,,,,,,,,,,,,,,,,,,,,,
srtx1,texas,9/1/19,63,ubc,female,no,224,219,,,,,,,,,,,,,,,,,,,,,,,,,,,,,,,,,,,,,,,,
srtx1,texas,9/1/19,64,ubc,female,no,240,240,,,,,,,,,,,,,,,,,,,,,,,,,,,,,,,,,,,,,,,,
srtx2,texas,12/1/19,1,ethanol,male,no,367,353,335,328,1.833333333,12,8,9,9,0.364705882,2.6,301.9,0,1,2,3,2,2,2,1,3,2,2,2,0,0,0,0,0,0,0,0,1,2.6,0,0,0,0,0,1.6,1,
srtx2,texas,12/1/19,2,ethanol,male,no,330,332,321,323,1,14,12,11,11,1.329411765,2.4,310.4666667,0,0,1,1,1,1,2,1,1,1,2,1,0,0,0,0,0,0,2.4,2.4,2.4,2.4,1,2.4,2.4,2.4,2.4,2.4,0,
srtx2,texas,12/1/19,3,ethanol,male,no,366,351,343,330,1.75,13,10,8,8,0.658823529,3.6,305.5,0,0,2,2,1,2,3,2,2,2,2,3,0,0,0,0,0,0,0,0,0,3.6,0,2.4,1.6,0,0,0,3.6,
srtx2,texas,12/1/19,4,ethanol,male,no,386,364,350,338,1.833333333,14,7,8,9,0.458823529,3.8,369.1,0,0,1,3,2,3,2,2,3,2,1,3,0,0,0,0,0,0,3,3.8,0,0,0,0,0,0,0,0,1,
srtx2,texas,12/1/19,5,ethanol,male,yes,363,347,,,1.5,14,,,,,,,0,0,1,5,,,,,,,,,,,,,,,,,,,,,,,,,,
srtx2,texas,12/1/19,6,ethanol,male,no,376,353,329,318,1.75,14,9,9,7,0.576470588,2.4,378.6666667,0,0,1,2,1,3,3,2,1,3,2,3,0,0,0,0,0,0,0,0,1,0,0,1,2.4,0,2.4,1.4,1.6,
srtx2,texas,12/1/19,7,ethanol,male,no,373,354,335,321,2.166666667,14,9,5,6,0.494117647,3.8,424.9,0,0,1,2,2,2,3,3,4,4,2,3,0,0,0,0,0,0,0,3.8,3.6,0,0,0,0,0,0,1,0,
srtx2,texas,12/1/19,8,ethanol,male,yes,401,373,,,0.666666667,13,,,,,,,0,0,2,,,,,,,,,,,,,,,,,,,,,,,,,,,
srtx2,texas,12/1/19,9,ethanol,male,no,383,378,364,356,1.75,12,10,8,9,1.976470588,2.4,350.9333333,0,0,3,1,2,2,3,1,3,2,1,3,0,0,0,2.4,2.4,2.4,2.4,2.4,2.4,2.4,2.4,2.4,2.4,2.4,2.4,2.4,2.4,
srtx2,texas,12/1/19,10,ethanol,male,no,356,343,334,321,1.333333333,14,10,11,9,0.117647059,1,80.34666667,0,0,1,0,3,2,2,0,2,2,1,3,0,0,0,0,0,0,0,0,0,0,0,1,0,0,1,0,0,
srtx2,texas,12/1/19,11,ethanol,male,no,370,357,337,332,1.333333333,15,9,9,11,0.435294118,3,336.0333333,0,0,0,2,2,2,3,1,2,2,1,1,0,0,0,3,0,0,2.4,0,0,0,0,0,1,0,1,0,0,
srtx2,texas,12/1/19,12,ethanol,male,no,400,378,363,359,1.416666667,13,10,8,12,0.058823529,1,318.2,0,0,2,2,2,1,2,2,3,1,1,1,0,0,0,0,0,0,0,0,0,0,0,0,0,0,0,1,0,
srtx2,texas,12/1/19,13,ethanol,female,no,268,266,254,249,1.416666667,13,11,11,8,0.247058824,3.2,238.3333333,0,0,2,1,1,2,1,1,2,2,2,3,0,0,0,0,0,0,0,0,0,0,0,0,1,0,0,3.2,0,
srtx2,texas,12/1/19,14,ethanol,female,no,276,267,255,245,1.25,14,13,11,7,1.188235294,3.8,271.3333333,0,0,1,0,0,2,1,1,2,3,1,4,0,0,0,2.2,1,3,3,0,1,1,2.2,3.8,1,1,0,0,1,
srtx2,texas,12/1/19,15,ethanol,female,no,279,272,271,264,0.666666667,15,13,12,12,0.2,2.4,194.5,0,0,0,0,1,1,1,1,1,1,1,1,0,0,0,2.4,0,0,0,0,0,0,0,0,0,1,0,0,0,
srtx2,texas,12/1/19,16,ethanol,female,no,260,265,262,253,1,14,13,11,10,0,0,293.1666667,0,0,1,0,1,1,1,1,2,1,2,2,0,0,0,0,0,0,0,0,0,0,0,0,0,0,0,0,0,
srtx2,texas,12/1/19,17,ethanol,female,no,271,270,257,250,1.583333333,14,12,9,6,1.729411765,3.4,389.6666667,0,0,1,0,0,3,3,2,1,3,2,4,0,0,0,1,1,3.4,0,2.4,2.4,2.4,2.4,2.4,2.4,2.4,2.4,2.4,2.4,
srtx2,texas,12/1/19,18,ethanol,female,no,267,248,240,229,2.166666667,12,7,8,7,1.717647059,3.8,395.3333333,0,1,2,0,4,4,3,2,2,2,2,4,3.8,3,3,3,2.2,3,3,2.2,2.6,1,0,0,0,0,0,1,1.4,
srtx2,texas,12/1/19,19,ethanol,female,no,276,258,250,243,1.333333333,12,12,9,11,0.117647059,1,337.8333333,0,1,2,1,1,1,1,2,3,2,1,1,0,0,0,0,0,0,0,0,0,1,0,0,0,0,1,0,0,
srtx2,texas,12/1/19,20,ethanol,female,no,275,258,254,247,1.25,12,12,10,11,0.423529412,2.4,344.3333333,0,0,3,0,1,2,2,1,2,2,1,1,0,2.4,0,0,0,0,0,0,0,0,0,2.4,2.4,0,0,0,0,
srtx2,texas,12/1/19,21,ethanol,female,no,276,264,256,247,1.333333333,14,12,9,9,0.117647059,1,312.3,0,0,1,0,1,2,2,2,2,3,2,1,0,0,0,0,0,0,0,0,0,0,1,0,0,0,1,0,0,
srtx2,texas,12/1/19,22,ethanol,female,yes,271,266,,,0.2,14,10,,,,,,0,0,1,0,0,,,,,,,,,,,,,,,,,,,,,,,,,
srtx2,texas,12/1/19,23,ethanol,female,no,279,262,253,242,1.583333333,13,11,7,10,0.505882353,3,429.6333333,0,0,2,0,1,3,3,2,3,2,2,1,0,0,0,2.4,0,0,0,2.2,0,0,3,1,0,0,0,0,0,
srtx2,texas,12/1/19,24,ethanol,female,no,255,238,238,244,1.416666667,11,12,10,10,0.117647059,1,254.1,0,1,3,0,1,2,2,1,2,2,1,2,0,0,0,0,0,0,0,0,0,0,0,0,1,1,0,0,0,
srtx2,texas,12/1/19,25,control,male,no,392,366,349,347,,,,,,,,,,,,,,,,,,,,,,,,,,,,,,,,,,,,,,
srtx2,texas,12/1/19,26,control,male,no,370,360,339,332,,,,,,,,,,,,,,,,,,,,,,,,,,,,,,,,,,,,,,
srtx2,texas,12/1/19,27,control,male,no,372,368,353,349,,,,,,,,,,,,,,,,,,,,,,,,,,,,,,,,,,,,,,
srtx2,texas,12/1/19,28,control,male,yes,376,356,,,,,,,,,,,,,,,,,,,,,,,,,,,,,,,,,,,,,,,,
srtx2,texas,12/1/19,29,control,male,no,361,352,339,330,,,,,,,,,,,,,,,,,,,,,,,,,,,,,,,,,,,,,,
srtx2,texas,12/1/19,30,control,male,no,368,355,347,345,,,,,,,,,,,,,,,,,,,,,,,,,,,,,,,,,,,,,,
srtx2,texas,12/1/19,31,control,male,no,352,336,320,308,,,,,,,,,,,,,,,,,,,,,,,,,,,,,,,,,,,,,,
srtx2,texas,12/1/19,32,control,male,no,346,333,320,306,,,,,,,,,,,,,,,,,,,,,,,,,,,,,,,,,,,,,,
srtx2,texas,12/1/19,33,control,male,no,368,353,343,345,,,,,,,,,,,,,,,,,,,,,,,,,,,,,,,,,,,,,,
srtx2,texas,12/1/19,34,control,male,no,408,382,371,369,,,,,,,,,,,,,,,,,,,,,,,,,,,,,,,,,,,,,,
srtx2,texas,12/1/19,35,control,male,no,400,384,367,362,,,,,,,,,,,,,,,,,,,,,,,,,,,,,,,,,,,,,,
srtx2,texas,12/1/19,36,control,male,no,329,324,314,313,,,,,,,,,,,,,,,,,,,,,,,,,,,,,,,,,,,,,,
srtx2,texas,12/1/19,37,control,female,no,283,264,257,253,,,,,,,,,,,,,,,,,,,,,,,,,,,,,,,,,,,,,,
srtx2,texas,12/1/19,38,control,female,yes,278,267,,,,,,,,,,,,,,,,,,,,,,,,,,,,,,,,,,,,,,,,
srtx2,texas,12/1/19,39,control,female,no,261,252,246,246,,,,,,,,,,,,,,,,,,,,,,,,,,,,,,,,,,,,,,
srtx2,texas,12/1/19,40,control,female,no,277,268,263,258,,,,,,,,,,,,,,,,,,,,,,,,,,,,,,,,,,,,,,
srtx2,texas,12/1/19,41,control,female,no,278,268,267,264,,,,,,,,,,,,,,,,,,,,,,,,,,,,,,,,,,,,,,
srtx2,texas,12/1/19,42,control,female,no,276,263,249,243,,,,,,,,,,,,,,,,,,,,,,,,,,,,,,,,,,,,,,
srtx2,texas,12/1/19,43,control,female,no,276,258,253,247,,,,,,,,,,,,,,,,,,,,,,,,,,,,,,,,,,,,,,
srtx2,texas,12/1/19,44,control,female,no,291,278,270,265,,,,,,,,,,,,,,,,,,,,,,,,,,,,,,,,,,,,,,
srtx2,texas,12/1/19,45,control,female,no,270,256,255,253,,,,,,,,,,,,,,,,,,,,,,,,,,,,,,,,,,,,,,
srtx2,texas,12/1/19,46,control,female,no,261,251,245,238,,,,,,,,,,,,,,,,,,,,,,,,,,,,,,,,,,,,,,
srtx2,texas,12/1/19,47,control,female,no,262,248,245,236,,,,,,,,,,,,,,,,,,,,,,,,,,,,,,,,,,,,,,
srtx2,texas,12/1/19,48,control,female,no,269,258,253,250,,,,,,,,,,,,,,,,,,,,,,,,,,,,,,,,,,,,,,
srtx2,texas,12/1/19,49,ubc,male,no,384,,,,,,,,,,,,,,,,,,,,,,,,,,,,,,,,,,,,,,,,,
srtx2,texas,12/1/19,50,ubc,male,no,378,,,,,,,,,,,,,,,,,,,,,,,,,,,,,,,,,,,,,,,,,
srtx2,texas,12/1/19,51,ubc,male,no,374,,,,,,,,,,,,,,,,,,,,,,,,,,,,,,,,,,,,,,,,,
srtx2,texas,12/1/19,52,ubc,male,no,339,,,,,,,,,,,,,,,,,,,,,,,,,,,,,,,,,,,,,,,,,
srtx2,texas,12/1/19,53,ubc,male,no,403,,,,,,,,,,,,,,,,,,,,,,,,,,,,,,,,,,,,,,,,,
srtx2,texas,12/1/19,54,ubc,male,no,341,,,,,,,,,,,,,,,,,,,,,,,,,,,,,,,,,,,,,,,,,
srtx2,texas,12/1/19,55,ubc,male,no,406,,,,,,,,,,,,,,,,,,,,,,,,,,,,,,,,,,,,,,,,,
srtx2,texas,12/1/19,56,ubc,male,no,335,,,,,,,,,,,,,,,,,,,,,,,,,,,,,,,,,,,,,,,,,
srtx2,texas,12/1/19,57,ubc,female,no,289,,,,,,,,,,,,,,,,,,,,,,,,,,,,,,,,,,,,,,,,,
srtx2,texas,12/1/19,58,ubc,female,no,276,,,,,,,,,,,,,,,,,,,,,,,,,,,,,,,,,,,,,,,,,
srtx2,texas,12/1/19,59,ubc,female,no,284,,,,,,,,,,,,,,,,,,,,,,,,,,,,,,,,,,,,,,,,,
srtx2,texas,12/1/19,60,ubc,female,no,282,,,,,,,,,,,,,,,,,,,,,,,,,,,,,,,,,,,,,,,,,
srtx2,texas,12/1/19,61,ubc,female,no,270,,,,,,,,,,,,,,,,,,,,,,,,,,,,,,,,,,,,,,,,,
srtx2,texas,12/1/19,62,ubc,female,no,273,,,,,,,,,,,,,,,,,,,,,,,,,,,,,,,,,,,,,,,,,
srtx2,texas,12/1/19,63,ubc,female,no,248,,,,,,,,,,,,,,,,,,,,,,,,,,,,,,,,,,,,,,,,,
srtx2,texas,12/1/19,64,ubc,female,no,265,,,,,,,,,,,,,,,,,,,,,,,,,,,,,,,,,,,,,,,,,
srtx3,texas,7/1/21,1,ethanol,male,no,354,332,316,305,2.08,12,6,7,10,0.447058824,2.6,389.73,0,1,2,3,3,3,3,3,2,3,1,1,0,0,0,0,0,0,0,0,0,0,0,1,2.6,1,1,1,1,
srtx3,texas,7/1/21,2,ethanol,male,no,356,338,318,312,1.67,14,7,9,10,0.858823529,3.8,364.77,0,0,1,3,3,2,3,2,1,3,1,1,0,0,0,0,0,0,2.4,2.4,2.4,0,0,0,0,2.6,1,0,3.8,
srtx3,texas,7/1/21,3,ethanol,male,no,383,371,336,338,1.58,14,8,10,9,0.376470588,2.4,342.7,0,1,0,3,3,1,1,3,1,2,2,2,0,0,0,0,0,0,0,2.4,0,0,2.4,0,0,0,0,1.6,0,
srtx3,texas,7/1/21,4,ethanol,male,no,360,356,352,323,2,14,9,9,4,1.588235294,3.8,309.8,0,0,1,2,2,2,2,3,1,3,5,3,0,0,0,0,0,1,3.8,3,0,3,3,2.4,2.4,3,3,2.4,0,
srtx3,texas,7/1/21,5,ethanol,male,no,359,334,323,322,1.83,13,6,10,9,1.905882353,3.8,333.63,0,1,1,3,3,3,3,1,1,2,2,2,0,0,0,0,0,2.4,0,3,3,3,3,2.4,3.8,3,2.4,2.6,3.8,
srtx3,texas,7/1/21,6,ethanol,male,no,362,337,328,325,1.5,13,10,9,10,0,0,340.33,0,1,1,2,2,1,2,2,2,2,2,1,0,0,0,0,0,0,0,0,0,0,0,0,0,0,0,0,0,
srtx3,texas,7/1/21,7,ethanol,male,no,358,340,310,297,2,12,4,9,11,0.552941176,3.4,466.43,0,1,2,3,5,3,1,2,3,1,2,1,0,0,0,0,0,0,0,3,0,0,3,0,0,3.4,0,0,0,
srtx3,texas,7/1/21,8,ethanol,male,no,355,352,338,324,1.75,15,9,7,8,0.529411765,3,406.2,0,0,0,2,2,2,3,3,2,3,2,2,0,0,0,0,0,0,0,3,2.4,0,0,0,0,2.6,0,1,0,
srtx3,texas,7/1/21,9,ethanol,female,no,256,237,228,221,1.75,13,9,9,8,1.247058824,3.8,382.43,0,1,1,1,3,2,2,3,1,3,3,1,0,0,0,0,0,0,3.8,0,3,0,2.2,2.6,3,2,1,1,2.6,
srtx3,texas,7/1/21,10,ethanol,female,no,251,235,219,210,1.58,11,11,8,11,0.6,2.6,390.2,0,2,2,1,2,1,3,2,2,2,2,0,0,0,0,0,0,0,0,0,1.6,0,0,0,2.2,1.6,2.2,2.6,0,
srtx3,texas,7/1/21,11,ethanol,female,no,241,228,216,207,1.33,15,11,8,10,1.352941176,3,453.5,0,0,0,1,2,1,3,1,3,2,2,1,0,3,0,0,0,0,0,2.4,3,0,3,0,0,2.6,3,3,3,
srtx3,texas,7/1/21,12,ethanol,female,no,252,231,226,226,1.25,13,10,11,11,0.352941176,3.8,385.93,0,0,2,3,1,1,1,3,0,1,2,1,0,0,0,0,0,0,0,2.2,0,0,0,0,0,0,0,0,3.8,
srtx3,texas,7/1/21,13,ethanol,female,no,245,227,219,217,1.33,13,10,10,11,0.117647059,1,388.77,0,0,2,3,2,0,2,2,1,2,1,1,0,0,0,0,0,0,0,0,0,0,0,0,0,1,0,1,0,
srtx3,texas,7/1/21,14,ethanol,female,no,216,204,196,196,1.75,15,8,8,8,0.058823529,1,410.73,0,0,0,3,3,1,3,3,1,3,2,2,0,0,0,0,0,0,1,0,0,0,0,0,0,0,0,0,0,
srtx3,texas,7/1/21,15,ethanol,female,no,257,240,224,217,1.75,13,5,10,11,0.6,3,438.97,0,1,1,3,3,4,2,1,2,2,2,0,0,0,0,0,0,0,0,0,0,0,2.6,2.6,0,1,0,3,1,
srtx3,texas,7/1/21,16,ethanol,female,no,244,226,215,214,1.75,12,7,11,9,1.741176471,3.8,378.53,0,0,3,2,2,4,2,1,1,1,2,3,0,0,0,0,0,0,1,3.4,2.4,2.4,2.4,2.4,2.4,3.8,3,3.4,3,
srtx3,texas,7/1/21,17,ethanol,female,no,246,230,227,224,1.42,13,9,10,11,0.4,3.8,338.9,0,2,0,3,2,1,2,2,1,2,1,1,0,0,0,0,0,0,0,0,0,0,0,0,0,3,0,0,3.8,
srtx3,texas,7/1/21,18,ethanol,female,no,250,238,229,230,1.17,14,8,12,12,0.470588235,2.6,328.95,0,1,0,2,2,3,1,1,1,2,1,0,0,0,0,0,0,0,0,0,2.4,2.6,0,0,1,0,1,1,0,
srtx3,texas,7/1/21,19,ethanol,female,no,247,228,223,221,1.5,13,11,9,9,0.670588235,3.8,395.75,0,1,1,1,2,1,2,2,2,2,2,2,0,0,0,0,0,0,1,0,0,3.8,0,1,1.6,3,0,1,0,
srtx3,texas,7/1/21,20,ethanol,female,no,267,248,244,238,1.25,13,13,10,9,0.058823529,1,396.8,0,1,1,1,1,0,2,1,2,3,2,1,0,0,0,0,0,0,0,0,0,0,0,0,0,0,0,0,1,
srtx3,texas,7/1/21,21,ethanol,female,no,241,228,213,211,1.67,14,6,9,11,0.2,2.4,459.45,0,0,1,2,3,4,3,1,2,2,1,1,0,0,0,0,0,0,0,0,0,2.4,0,0,1,0,0,0,0,
srtx3,texas,7/1/21,22,ethanol,female,no,245,230,222,219,1.75,12,10,8,9,0.176470588,1,247.85,0,1,2,3,2,0,3,1,3,2,2,2,0,0,0,0,0,0,0,0,0,0,1,0,1,0,1,0,0,
srtx3,texas,7/1/21,23,ethanol,female,no,236,224,222,224,1.33,13,10,10,11,0,0,360.5,0,1,1,3,2,0,2,2,1,2,1,1,0,0,0,0,0,0,0,0,0,0,0,0,0,0,0,0,0,
srtx3,texas,7/1/21,24,ethanol,female,no,256,237,231,235,1.67,13,7,8,12,0.294117647,3,507.5,0,1,1,4,3,1,4,2,1,1,1,1,0,0,0,0,0,0,0,0,3,0,1,0,0,0,0,1,0,
srtx3,texas,7/1/21,25,control,male,no,364,,347,342,,,,,,,,,,,,,,,,,,,,,,,,,,,,,,,,,,,,,,
srtx3,texas,7/1/21,26,control,male,no,355,,329,328,,,,,,,,,,,,,,,,,,,,,,,,,,,,,,,,,,,,,,
srtx3,texas,7/1/21,27,control,male,no,359,,340,332,,,,,,,,,,,,,,,,,,,,,,,,,,,,,,,,,,,,,,
srtx3,texas,7/1/21,28,control,male,no,366,,340,338,,,,,,,,,,,,,,,,,,,,,,,,,,,,,,,,,,,,,,
srtx3,texas,7/1/21,29,control,male,no,350,,323,318,,,,,,,,,,,,,,,,,,,,,,,,,,,,,,,,,,,,,,
srtx3,texas,7/1/21,30,control,male,no,361,,338,338,,,,,,,,,,,,,,,,,,,,,,,,,,,,,,,,,,,,,,
srtx3,texas,7/1/21,31,control,male,no,360,,335,331,,,,,,,,,,,,,,,,,,,,,,,,,,,,,,,,,,,,,,
srtx3,texas,7/1/21,32,control,male,no,380,,353,346,,,,,,,,,,,,,,,,,,,,,,,,,,,,,,,,,,,,,,
srtx3,texas,7/1/21,33,control,female,yes,281,,256,249,,,,,,,,,,,,,,,,,,,,,,,,,,,,,,,,,,,,,,
srtx3,texas,7/1/21,34,control,female,yes,253,,234,231,,,,,,,,,,,,,,,,,,,,,,,,,,,,,,,,,,,,,,
srtx3,texas,7/1/21,35,control,female,no,252,,226,220,,,,,,,,,,,,,,,,,,,,,,,,,,,,,,,,,,,,,,
srtx3,texas,7/1/21,36,control,female,no,237,,225,226,,,,,,,,,,,,,,,,,,,,,,,,,,,,,,,,,,,,,,
srtx3,texas,7/1/21,37,control,female,no,228,,217,212,,,,,,,,,,,,,,,,,,,,,,,,,,,,,,,,,,,,,,
srtx3,texas,7/1/21,38,control,female,no,232,,219,213,,,,,,,,,,,,,,,,,,,,,,,,,,,,,,,,,,,,,,
srtx3,texas,7/1/21,39,control,female,no,233,,220,214,,,,,,,,,,,,,,,,,,,,,,,,,,,,,,,,,,,,,,
srtx3,texas,7/1/21,40,control,female,no,235,,220,215,,,,,,,,,,,,,,,,,,,,,,,,,,,,,,,,,,,,,,
srtx3,texas,7/1/21,41,control,female,no,262,,244,238,,,,,,,,,,,,,,,,,,,,,,,,,,,,,,,,,,,,,,
srtx3,texas,7/1/21,42,control,female,no,258,,241,235,,,,,,,,,,,,,,,,,,,,,,,,,,,,,,,,,,,,,,
srtx3,texas,7/1/21,43,control,female,no,247,,228,223,,,,,,,,,,,,,,,,,,,,,,,,,,,,,,,,,,,,,,
srtx3,texas,7/1/21,44,control,female,no,265,,244,227,,,,,,,,,,,,,,,,,,,,,,,,,,,,,,,,,,,,,,
srtx3,texas,7/1/21,45,control,female,no,219,,208,207,,,,,,,,,,,,,,,,,,,,,,,,,,,,,,,,,,,,,,
srtx3,texas,7/1/21,46,control,female,no,246,,231,223,,,,,,,,,,,,,,,,,,,,,,,,,,,,,,,,,,,,,,
srtx3,texas,7/1/21,47,control,female,no,263,,241,237,,,,,,,,,,,,,,,,,,,,,,,,,,,,,,,,,,,,,,
srtx3,texas,7/1/21,48,control,female,no,253,,237,236,,,,,,,,,,,,,,,,,,,,,,,,,,,,,,,,,,,,,,
srtx3,texas,7/1/21,49,ubc,male,no,338,,,,,,,,,,,,,,,,,,,,,,,,,,,,,,,,,,,,,,,,,
srtx3,texas,7/1/21,50,ubc,male,no,353,,,,,,,,,,,,,,,,,,,,,,,,,,,,,,,,,,,,,,,,,
srtx3,texas,7/1/21,51,ubc,male,no,366,,,,,,,,,,,,,,,,,,,,,,,,,,,,,,,,,,,,,,,,,
srtx3,texas,7/1/21,52,ubc,male,no,369,,,,,,,,,,,,,,,,,,,,,,,,,,,,,,,,,,,,,,,,,
srtx3,texas,7/1/21,53,ubc,female,no,260,,,,,,,,,,,,,,,,,,,,,,,,,,,,,,,,,,,,,,,,,
srtx3,texas,7/1/21,54,ubc,female,no,235,,,,,,,,,,,,,,,,,,,,,,,,,,,,,,,,,,,,,,,,,
srtx3,texas,7/1/21,55,ubc,female,no,239,,,,,,,,,,,,,,,,,,,,,,,,,,,,,,,,,,,,,,,,,
srtx3,texas,7/1/21,56,ubc,female,no,246,,,,,,,,,,,,,,,,,,,,,,,,,,,,,,,,,,,,,,,,,
srtx3,texas,7/1/21,57,ubc,female,no,253,,,,,,,,,,,,,,,,,,,,,,,,,,,,,,,,,,,,,,,,,
srtx3,texas,7/1/21,58,ubc,female,no,258,,,,,,,,,,,,,,,,,,,,,,,,,,,,,,,,,,,,,,,,,
srtx3,texas,7/1/21,59,ubc,female,no,260,,,,,,,,,,,,,,,,,,,,,,,,,,,,,,,,,,,,,,,,,
srtx3,texas,7/1/21,60,ubc,female,no,238,,,,,,,,,,,,,,,,,,,,,,,,,,,,,,,,,,,,,,,,,
big,texas,5/1/23,1,ethanol,male,no,410,388,361,352,1.92,14,6,8,9,0.2,3.4,397.8,0,0,1,3,3,3,3,3,1,3,2,1,3.4,0,0,0,0,0,0,0,0,0,0,0,0,0,0,0,0,
big,texas,5/1/23,2,ethanol,male,no,450,428,419,403,1.58,13,11,7,10,0.894117647,3,383.6,0,0,2,3,1,0,3,3,2,2,2,1,3,0,1,0,2,1,1.6,0,2.6,2,1,0,1,0,0,0,0,
big,texas,5/1/23,3,ethanol,male,no,434,393,390,380,1.5,12,9,10,11,0.117647059,1,123.9,0,0,3,3,2,1,1,2,2,1,2,1,0,0,0,0,0,0,1,1,0,0,0,0,0,0,0,0,0,
big,texas,5/1/23,4,ethanol,male,no,460,435,410,400,1.83,13,8,7,10,0.6,3,422.1,0,0,2,3,3,1,4,3,1,2,2,1,0,2.4,0,0,3,2.4,0,0,0,0,2.4,0,0,0,0,0,0,
big,texas,5/1/23,5,ethanol,male,no,450,420,424,413,1.17,14,11,11,10,0,0,289.1,0,0,1,2,2,0,2,1,1,2,2,1,0,0,0,0,0,0,0,0,0,0,0,0,0,0,0,0,0,
big,texas,5/1/23,6,ethanol,male,no,435,423,396,284,1.67,14,8,7,11,0.294117647,3,484.7,0,0,1,3,3,1,3,3,2,2,2,0,0,0,0,0,0,3,0,0,0,0,0,0,0,0,0,1,1,
big,texas,5/1/23,7,ethanol,male,no,447,418,397,379,2.1,10,11,6,10,0.058823529,1,486.1,0,0,5,3,2,1,4,3,2,3,2,0,0,0,0,0,0,0,0,0,0,0,0,0,0,0,0,1,0,
big,texas,5/1/23,8,ethanol,male,no,350,335,325,323,1.58,15,9,9,8,0,0,255.95,0,0,0,2,3,1,2,2,2,1,3,3,0,0,0,0,0,0,0,0,0,0,0,0,0,0,0,0,0,
big,texas,5/1/23,9,ethanol,male,no,458,430,421,409,1.67,12,11,7,10,0.082352941,1.4,398.6,0,0,3,2,2,0,3,3,2,1,3,1,0,0,0,0,0,0,0,0,1.4,0,0,0,0,0,0,0,0,
big,texas,5/1/23,10,ethanol,male,no,483,472,455,451,1.33,15,11,8,10,0.6,3,344.95,0,0,0,2,1,1,3,2,2,2,3,0,0,3,0,2.4,0,0,0,0,0,0,0,0,2.4,2.4,0,0,0,
big,texas,5/1/23,11,ethanol,male,no,400,375,350,343,2.08,13,3,9,10,0.588235294,3,417.7,0,0,2,4,4,4,2,2,2,3,2,0,3,0,0,2.6,0,0,0,0,0,0,2.4,1,1,0,0,0,0,
big,texas,5/1/23,12,ethanol,male,no,450,431,420,401,1.5,14,11,8,9,0.482352941,3.8,438.5,0,0,1,2,2,0,4,2,1,3,2,1,0,0,0,0,0,0,1,0,0,0,3.8,2.4,0,0,0,1,0,
big,texas,5/1/23,13,ethanol,male,no,420,407,390,379,1.42,15,11,9,8,0.258823529,2.4,236.8,0,0,0,1,1,2,2,2,2,1,3,3,0,0,2.4,0,0,0,0,0,0,0,0,0,0,1,1,0,0,
big,texas,5/1/23,14,ethanol,male,no,407,390,380,370,1.92,14,8,7,8,1.141176471,3,484.25,0,0,1,3,3,1,3,3,2,3,3,1,2.6,3,3,2.6,2.2,3,3,0,0,0,0,0,0,0,0,0,0,
big,texas,5/1/23,15,ethanol,female,no,195,190,190,181,1,15,11,10,12,0.235294118,3,223.65,0,0,0,1,2,1,2,1,2,1,2,0,0,0,0,0,3,0,0,0,0,0,0,1,0,0,0,0,0,
big,texas,5/1/23,16,ethanol,female,no,230,218,207,201,1.67,15,8,7,10,0.623529412,3,440.2,0,0,0,3,3,1,3,3,2,2,2,1,2.6,3,0,0,3,0,0,0,0,0,1,1,0,0,0,0,0,
big,texas,5/1/23,17,ethanol,female,no,212,196,189,187,1.25,14,9,11,11,0.352941176,3,333.1,0,0,1,3,2,1,2,1,1,2,2,0,0,0,3,0,0,0,0,0,0,0,0,1,1,0,0,1,0,
big,texas,5/1/23,18,ethanol,female,no,203,190,182,182,1.67,12,8,9,11,0.058823529,1,344.05,0,0,3,3,3,1,3,2,1,2,1,1,0,0,0,0,0,0,0,0,0,0,0,0,0,0,0,0,1,
big,texas,5/1/23,19,ethanol,female,no,205,209,209,207,0.58,15,13,12,13,0.176470588,1,164,0,0,0,1,1,0,1,1,1,1,1,0,0,0,0,0,0,1,1,0,0,1,0,0,0,0,0,0,0,
big,texas,5/1/23,20,ethanol,female,no,238,227,230,227,0.83,15,13,12,10,0.058823529,1,295.65,0,0,0,1,1,0,1,1,1,1,3,1,0,0,0,0,0,1,0,0,0,0,0,0,0,0,0,0,0,
big,texas,5/1/23,21,ethanol,female,no,227,218,202,194,2,14,6,7,9,0.058823529,1,396.7,0,0,1,3,3,3,3,2,3,3,2,1,0,0,0,0,0,1,0,0,0,0,0,0,0,0,0,0,0,
big,texas,5/1/23,22,ethanol,female,no,211,204,194,198,1.25,15,10,9,11,0.058823529,1,383.85,0,0,0,2,2,1,2,3,1,1,2,1,0,0,0,0,0,0,0,0,0,0,0,0,1,0,0,0,0,
big,texas,5/1/23,23,ethanol,female,no,211,197,195,180,1.75,14,7,8,10,0.176470588,3,380.05,0,0,1,3,3,2,3,2,2,2,2,1,0,0,0,0,0,3,0,0,0,0,0,0,0,0,0,0,0,
big,texas,5/1/23,24,ethanol,female,no,215,209,204,206,1,15,11,9,13,0.058823529,1,360,0,0,0,1,2,1,3,1,2,1,1,0,0,0,0,0,0,0,1,0,0,0,0,0,0,0,0,0,0,
big,texas,5/1/23,25,ethanol,female,no,220,221,215,220,0.83,15,13,11,11,0,0,306.4,0,0,0,1,1,0,2,1,1,2,1,1,0,0,0,0,0,0,0,0,0,0,0,0,0,0,0,0,0,
big,texas,5/1/23,26,ethanol,female,no,211,212,206,198,1.5,15,13,7,7,0.2,2.4,446.25,0,0,0,1,0,1,3,2,3,3,3,2,0,0,0,0,0,0,0,0,0,0,0,0,0,0,0,2.4,1,
big,texas,5/1/23,27,ethanol,female,no,220,205,198,193,1.8,14,11,7,9,0.058823529,1,510.75,0,0,1,3,2,1,3,3,2,2,3,1,0,0,0,0,0,0,0,0,0,0,0,0,0,0,0,1,0,
big,texas,5/1/23,28,ethanol,female,no,235,230,219,211,1.25,15,9,9,12,0.058823529,1,398.35,0,0,0,2,1,3,2,2,2,1,2,0,0,0,0,0,0,0,0,0,0,0,0,0,0,0,0,0,1,
big,texas,5/1/23,29,control,male,no,465,440,423,420,,,,,,,,,,,,,,,,,,,,,,,,,,,,,,,,,,,,,,
big,texas,5/1/23,30,control,male,no,395,376,360,357,,,,,,,,,,,,,,,,,,,,,,,,,,,,,,,,,,,,,,
big,texas,5/1/23,31,control,male,no,435,420,406,403,,,,,,,,,,,,,,,,,,,,,,,,,,,,,,,,,,,,,,
big,texas,5/1/23,32,control,male,yes,420,391,377,,,,,,,,,,,,,,,,,,,,,,,,,,,,,,,,,,,,,,,
big,texas,5/1/23,33,control,male,yes,425,420,402,390,,,,,,,,,,,,,,,,,,,,,,,,,,,,,,,,,,,,,,
big,texas,5/1/23,34,control,male,no,445,429,400,388,,,,,,,,,,,,,,,,,,,,,,,,,,,,,,,,,,,,,,
big,texas,5/1/23,35,control,male,no,450,426,411,409,,,,,,,,,,,,,,,,,,,,,,,,,,,,,,,,,,,,,,
big,texas,5/1/23,36,control,male,yes,410,400,383,372,,,,,,,,,,,,,,,,,,,,,,,,,,,,,,,,,,,,,,
big,texas,5/1/23,37,control,male,no,450,435,422,413,,,,,,,,,,,,,,,,,,,,,,,,,,,,,,,,,,,,,,
big,texas,5/1/23,38,control,male,no,380,371,356,343,,,,,,,,,,,,,,,,,,,,,,,,,,,,,,,,,,,,,,
big,texas,5/1/23,39,control,male,no,420,410,390,377,,,,,,,,,,,,,,,,,,,,,,,,,,,,,,,,,,,,,,
big,texas,5/1/23,40,control,male,no,420,408,387,378,,,,,,,,,,,,,,,,,,,,,,,,,,,,,,,,,,,,,,
big,texas,5/1/23,41,control,female,no,236,232,220,218,,,,,,,,,,,,,,,,,,,,,,,,,,,,,,,,,,,,,,
big,texas,5/1/23,42,control,female,yes,236,224,217,214,,,,,,,,,,,,,,,,,,,,,,,,,,,,,,,,,,,,,,
big,texas,5/1/23,43,control,female,no,203,195,186,190,,,,,,,,,,,,,,,,,,,,,,,,,,,,,,,,,,,,,,
big,texas,5/1/23,44,control,female,no,204,195,190,185,,,,,,,,,,,,,,,,,,,,,,,,,,,,,,,,,,,,,,
big,texas,5/1/23,45,control,female,no,240,225,215,203,,,,,,,,,,,,,,,,,,,,,,,,,,,,,,,,,,,,,,
big,texas,5/1/23,46,control,female,no,214,199,190,194,,,,,,,,,,,,,,,,,,,,,,,,,,,,,,,,,,,,,,
big,texas,5/1/23,47,control,female,no,215,203,215,195,,,,,,,,,,,,,,,,,,,,,,,,,,,,,,,,,,,,,,
big,texas,5/1/23,48,control,female,no,225,216,190,205,,,,,,,,,,,,,,,,,,,,,,,,,,,,,,,,,,,,,,
big,texas,5/1/23,49,control,female,no,194,190,185,186,,,,,,,,,,,,,,,,,,,,,,,,,,,,,,,,,,,,,,
big,texas,5/1/23,50,control,female,no,211,195,190,192,,,,,,,,,,,,,,,,,,,,,,,,,,,,,,,,,,,,,,
big,texas,5/1/23,51,control,female,no,215,208,199,195,,,,,,,,,,,,,,,,,,,,,,,,,,,,,,,,,,,,,,
big,texas,5/1/23,52,control,female,no,200,189,180,176,,,,,,,,,,,,,,,,,,,,,,,,,,,,,,,,,,,,,,
afg,texas,3/1/20,1,ethanol,female,no,238,233,223,216,1.5,14,10,9,9,1.2625,3.6,362.85,0,1,0,1,2,2,2,3,1,2,2,2,0,2.4,2.4,2.4,2.4,3.6,3.6,3.4,0,0,0,0,0,0,0,0,0,
afg,texas,3/1/20,2,ethanol,female,no,236,226,228,231,0.916666667,14,12,12,11,0.226666667,2.4,311.3,0,1,0,1,1,1,1,1,1,1,2,1,0,2.4,1,0,0,0,0,0,0,0,0,0,0,0,0,0,0,
afg,texas,3/1/20,3,ethanol,female,no,205,201,200,197,1,13,12,12,11,0,0,265.65,0,1,1,1,1,1,1,1,1,1,1,2,0,0,0,0,0,0,0,0,0,0,0,0,0,0,0,0,0,
afg,texas,3/1/20,4,ethanol,female,no,237,217,205,205,1.416666667,14,9,10,10,0.36,2.2,373.35,0,0,1,3,2,1,2,2,1,1,2,2,0,1,0,2.2,0,0,0,2.2,0,0,0,0,0,0,0,0,0,
afg,texas,3/1/20,5,ethanol,female,no,216,204,194,196,1.166666667,14,9,12,11,0.453333333,2.4,292.85,0,1,0,3,1,2,2,0,1,2,1,1,1,2.4,0,2.4,0,1,0,0,0,0,0,0,0,0,0,0,0,
afg,texas,3/1/20,6,ethanol,female,no,228,226,223,225,0.916666667,14,11,12,12,0.169230769,2.2,318.6,0,0,1,2,1,1,1,1,1,1,1,1,0,0,0,0,2.2,0,0,0,0,0,0,0,0,0,0,0,0,
afg,texas,3/1/20,7,ethanol,female,no,221,214,208,202,1.333333333,15,10,8,11,1.825,3,433.5,0,0,0,2,1,2,2,3,2,1,2,1,0,2.4,2.4,3,2.4,1,3,3,3,3,3,3,0,0,0,0,0,
afg,texas,3/1/20,8,ethanol,female,no,214,198,187,179,1.5,13,7,11,11,1.047058824,3.8,491.25,0,1,1,1,4,3,0,2,2,1,2,1,3,3.8,3.2,2.4,2.4,0,0,0,0,0,0,3,0,0,0,0,0,
afg,texas,3/1/20,9,ethanol,female,no,220,214,213,213,1.166666667,14,12,10,10,0,0,311.65,0,0,1,1,1,1,2,2,1,2,1,2,0,0,0,0,0,0,0,0,0,0,0,0,0,0,0,0,0,
afg,texas,3/1/20,10,ethanol,female,no,226,220,214,209,1.75,13,8,8,10,0.338461538,3.4,389.4,0,0,2,2,3,2,2,3,2,1,2,2,0,0,0,0,3.4,0,1,0,0,0,0,0,0,0,0,0,0,
afg,texas,3/1/20,11,ethanol,female,no,235,230,221,212,1.416666667,14,10,9,10,0.226666667,2.4,440,0,0,1,1,2,2,1,3,2,2,1,2,0,1,2.4,0,0,0,0,0,0,0,0,0,0,0,0,0,0,
afg,texas,3/1/20,12,ethanol,female,no,225,214,201,196,1.583333333,14,9,8,10,1.4375,3,473,0,1,0,1,1,4,3,2,2,1,2,2,2.2,2.4,2.4,0,2.6,0,0,3,2.4,3,2.6,2.4,0,0,0,0,0,
afg,texas,3/1/20,13,ethanol,female,no,215,206,197,195,1.666666667,11,9,9,11,0.2,2.6,376.75,0,1,3,3,1,2,2,2,2,1,2,1,0,0,0,0,0,0,0,0,2.6,0,0,0,0,0,0,0,0,
afg,texas,3/1/20,14,ethanol,female,no,226,207,196,191,1.083333333,15,11,9,12,0.8,3,304,0,0,0,1,1,2,3,2,1,1,1,1,0,0,0,0,0,0,2.4,0,0,2.4,2.6,3,0,0,0,0,0,
afg,texas,3/1/20,15,ethanol,female,no,209,201,195,196,1.083333333,15,11,10,11,0,0,348.4,0,0,0,2,1,1,2,1,2,2,1,1,0,0,0,0,0,0,0,0,0,0,0,0,0,0,0,0,0,
afg,texas,3/1/20,16,ethanol,female,no,214,210,204,202,1.25,14,9,10,12,0.076923077,1,341.7,0,0,1,1,2,3,2,1,2,1,1,1,0,0,0,0,0,0,0,0,0,0,0,1,0,0,0,0,0,
afg,texas,3/1/20,17,ethanol,female,no,232,244,244,244,0.833333333,14,14,11,11,0.428571429,3,313.9,0,1,0,0,0,1,2,1,1,1,2,1,0,0,3,0,0,0,0,0,0,0,3,0,0,0,0,0,0,
afg,texas,3/1/20,18,ethanol,female,no,244,217,213,213,1.583333333,13,8,10,10,1.346666667,3.8,404.75,0,0,2,2,3,2,1,2,2,1,1,3,0,1,1,0,2.4,2.4,3.8,2.4,2.4,2.4,2.4,0,0,0,0,0,0,
afg,texas,3/1/20,19,control,female,no,224,203,201,,,,,,,,,,,,,,,,,,,,,,,,,,,,,,,,,,,,,,,
afg,texas,3/1/20,20,control,female,no,219,208,200,,,,,,,,,,,,,,,,,,,,,,,,,,,,,,,,,,,,,,,
afg,texas,3/1/20,21,control,female,no,221,214,216,,,,,,,,,,,,,,,,,,,,,,,,,,,,,,,,,,,,,,,
afg,texas,3/1/20,22,control,female,no,210,219,220,,,,,,,,,,,,,,,,,,,,,,,,,,,,,,,,,,,,,,,
afg,texas,3/1/20,23,control,female,no,225,213,210,,,,,,,,,,,,,,,,,,,,,,,,,,,,,,,,,,,,,,,
afg,texas,3/1/20,24,control,female,no,209,206,206,,,,,,,,,,,,,,,,,,,,,,,,,,,,,,,,,,,,,,,
afg,texas,3/1/20,25,control,female,no,238,234,234,,,,,,,,,,,,,,,,,,,,,,,,,,,,,,,,,,,,,,,
afg,texas,3/1/20,26,control,female,no,232,226,232,,,,,,,,,,,,,,,,,,,,,,,,,,,,,,,,,,,,,,,
afg,texas,3/1/20,27,control,female,no,226,229,224,,,,,,,,,,,,,,,,,,,,,,,,,,,,,,,,,,,,,,,
afg,texas,3/1/20,28,control,female,no,229,217,223,,,,,,,,,,,,,,,,,,,,,,,,,,,,,,,,,,,,,,,
afg,texas,3/1/20,29,control,female,no,241,209,202,,,,,,,,,,,,,,,,,,,,,,,,,,,,,,,,,,,,,,,
afg,texas,3/1/20,30,control,female,no,222,225,220,,,,,,,,,,,,,,,,,,,,,,,,,,,,,,,,,,,,,,,
afg,texas,3/1/20,31,control,female,no,228,235,231,,,,,,,,,,,,,,,,,,,,,,,,,,,,,,,,,,,,,,,
afg,texas,3/1/20,32,control,female,no,221,223,225,,,,,,,,,,,,,,,,,,,,,,,,,,,,,,,,,,,,,,,
afg,texas,3/1/20,33,control,female,no,227,215,203,,,,,,,,,,,,,,,,,,,,,,,,,,,,,,,,,,,,,,,
afg,texas,3/1/20,34,control,female,no,226,212,202,,,,,,,,,,,,,,,,,,,,,,,,,,,,,,,,,,,,,,,
afg,texas,3/1/20,35,ubc,female,no,225,,,,,,,,,,,,,,,,,,,,,,,,,,,,,,,,,,,,,,,,,
afg,texas,3/1/20,36,ubc,female,no,224,,,,,,,,,,,,,,,,,,,,,,,,,,,,,,,,,,,,,,,,,
afg,texas,3/1/20,37,ubc,female,no,234,,,,,,,,,,,,,,,,,,,,,,,,,,,,,,,,,,,,,,,,,
afg,texas,3/1/20,38,ubc,female,no,217,,,,,,,,,,,,,,,,,,,,,,,,,,,,,,,,,,,,,,,,,
afg,texas,3/1/20,39,ubc,female,no,224,,,,,,,,,,,,,,,,,,,,,,,,,,,,,,,,,,,,,,,,,
afg,texas,3/1/20,40,ubc,female,no,212,,,,,,,,,,,,,,,,,,,,,,,,,,,,,,,,,,,,,,,,,
mwmtx1,texas,3/1/24,1,ethanol,female,no,236,216,204,198,1.83,14,6,9,9,1.88,3.4,447.5,0,0,1,3,3,3,2,2,2,2,2,2,3,,,,0,,,,3,,,,3.4,,,,0,
mwmtx1,texas,3/1/24,2,ethanol,female,no,233,215,211,204,1.33,15,11,8,10,0.8,3,434.2,0,0,0,1,2,1,3,2,2,2,2,1,3,,,,0,,,,0,,,,1,,,,0,
mwmtx1,texas,3/1/24,3,ethanol,female,no,231,207,199,190,1.75,13,10,8,8,3,3,421.2,0,0,2,2,2,1,3,2,2,3,2,2,3,,,,3,,,,3,,,,3,,,,3,
mwmtx1,texas,3/1/24,4,ethanol,female,no,274,253,244,243,1,15,10,11,12,1.2,3,282.1,0,0,0,2,2,1,2,1,1,1,1,1,0,,,,0,,,,3,,,,3,,,,0,
mwmtx1,texas,3/1/24,5,ethanol,female,no,260,243,232,220,2,14,6,8,8,1.2,3,437.3,0,0,1,3,3,3,3,3,1,2,2,3,0,,,,0,,,,3,,,,3,,,,0,
mwmtx1,texas,3/1/24,6,ethanol,female,no,286,271,255,242,2.08,12,9,8,6,2.88,3,365.3,0,0,3,2,2,2,3,3,1,3,3,3,3,,,,3,,,,3,,,,3,,,,2.4,
mwmtx1,texas,3/1/24,7,ethanol,female,no,285,270,253,247,1.67,14,10,7,9,0.68,2.4,420.2,0,0,1,2,2,1,3,3,2,2,2,2,0,,,,0,,,,1,,,,2.4,,,,0,
mwmtx1,texas,3/1/24,8,ethanol,female,no,280,270,264,251,1.75,15,10,4,10,1.32,3,497.8,0,0,0,1,2,2,4,4,3,2,2,1,2.6,,,,0,,,,1,,,,3,,,,0,
mwmtx1,texas,3/1/24,9,ethanol,female,no,225,210,201,198,1.17,15,11,12,8,2.12,3,333.2,0,0,0,0,3,1,1,1,1,1,2,4,3,,,,3,,,,3,,,,1.6,,,,0,
mwmtx1,texas,3/1/24,10,ethanol,female,no,233,225,211,209,1.08,15,12,8,12,0.96,3.8,432,0,0,0,0,2,1,3,2,2,1,1,1,1,,,,3.8,,,,0,,,,0,,,,0,
mwmtx1,texas,3/1/24,11,ethanol,female,no,290,267,254,249,1.5,13,8,9,12,1.8,3,387.4,0,1,1,3,2,2,3,2,1,1,2,0,3,,,,3,,,,3,,,,0,,,,0,
mwmtx1,texas,3/1/24,12,ethanol,female,no,226,215,207,199,1.25,15,10,9,11,1,3,320.8,0,0,0,1,2,2,2,1,3,2,2,0,3,,,,0,,,,1,,,,0,,,,1,
mwmtx1,texas,3/1/24,13,ethanol,female,no,279,262,252,244,1.42,13,11,8,11,1.6,3,392.5,0,1,1,1,2,1,2,3,2,2,1,1,0,,,,1,,,,3,,,,1,,,,3,
mwmtx1,texas,3/1/24,14,ethanol,female,no,274,256,243,240,1.33,14,8,10,12,1.8,3,344.6,0,0,1,3,3,1,2,2,1,1,2,0,3,,,,3,,,,0,,,,3,,,,0,
mwmtx1,texas,3/1/24,15,ethanol,female,no,277,260,248,238,1.67,15,9,7,9,0.2,1,371,0,0,0,2,2,2,2,3,3,2,3,1,1,,,,0,,,,0,,,,0,,,,0,
mwmtx1,texas,3/1/24,16,ethanol,female,no,239,218,206,204,1.33,14,10,10,10,0.2,1,369.4,0,0,1,2,3,0,2,2,1,2,1,2,1,,,,0,,,,0,,,,0,,,,0,
mwmtx1,texas,3/1/24,17,ethanol,female,no,268,260,254,248,1.42,15,10,9,9,0.48,2.4,342,0,0,0,2,1,2,2,2,2,2,2,2,0,,,,0,,,,0,,,,2.4,,,,0,
mwmtx1,texas,3/1/24,18,ethanol,female,no,235,216,203,198,1.25,15,9,10,11,0.84,2.2,377.8,0,0,0,1,3,2,2,2,1,1,1,2,1,,,,0,,,,1,,,,2.2,,,,0,
mwmtx1,texas,3/1/24,19,ethanol,female,no,226,212,204,202,1.25,14,12,8,11,0.8,3,421.2,0,0,1,1,1,1,3,2,2,1,2,1,0,,,,3,,,,0,,,,1,,,,0,
mwmtx1,texas,3/1/24,20,ethanol,female,no,266,250,234,234,1.5,14,7,8,13,0.4,1,408.2,0,0,1,5,2,1,3,2,2,1,1,0,0,,,,0,,,,1,,,,1,,,,0,
mwmtx1,texas,3/1/24,21,control,female,yes,256,250,239,231,,,,,,,,,,,,,,,,,,,,,,,,,,,,,,,,,,,,,,
mwmtx1,texas,3/1/24,22,control,female,no,233,214,209,203,,,,,,,,,,,,,,,,,,,,,,,,,,,,,,,,,,,,,,
mwmtx1,texas,3/1/24,23,control,female,no,266,248,240,235,,,,,,,,,,,,,,,,,,,,,,,,,,,,,,,,,,,,,,
mwmtx1,texas,3/1/24,24,control,female,no,224,211,208,203,,,,,,,,,,,,,,,,,,,,,,,,,,,,,,,,,,,,,,
mwmtx1,texas,3/1/24,25,control,female,no,275,236,234,230,,,,,,,,,,,,,,,,,,,,,,,,,,,,,,,,,,,,,,
mwmtx1,texas,3/1/24,26,control,female,no,257,261,255,249,,,,,,,,,,,,,,,,,,,,,,,,,,,,,,,,,,,,,,
mwmtx1,texas,3/1/24,27,control,female,no,238,230,220,216,,,,,,,,,,,,,,,,,,,,,,,,,,,,,,,,,,,,,,
mwmtx1,texas,3/1/24,28,control,female,no,263,250,242,238,,,,,,,,,,,,,,,,,,,,,,,,,,,,,,,,,,,,,,
mwmtx1,texas,3/1/24,29,control,female,no,269,250,241,238,,,,,,,,,,,,,,,,,,,,,,,,,,,,,,,,,,,,,,
mwmtx1,texas,3/1/24,30,control,female,no,297,285,274,268,,,,,,,,,,,,,,,,,,,,,,,,,,,,,,,,,,,,,,
mwmtx1,texas,3/1/24,31,control,female,no,279,265,254,247,,,,,,,,,,,,,,,,,,,,,,,,,,,,,,,,,,,,,,
mwmtx1,texas,3/1/24,32,control,female,yes,234,220,,,,,,,,,,,,,,,,,,,,,,,,,,,,,,,,,,,,,,,,
mwmtx1,texas,3/1/24,33,control,female,no,230,224,217,210,,,,,,,,,,,,,,,,,,,,,,,,,,,,,,,,,,,,,,
mwmtx1,texas,3/1/24,34,control,female,no,295,275,268,263,,,,,,,,,,,,,,,,,,,,,,,,,,,,,,,,,,,,,,
mwmtx1,texas,3/1/24,35,control,female,no,265,255,247,238,,,,,,,,,,,,,,,,,,,,,,,,,,,,,,,,,,,,,,
mwmtx1,texas,3/1/24,36,control,female,no,279,257,250,245,,,,,,,,,,,,,,,,,,,,,,,,,,,,,,,,,,,,,,
mwmtx1,texas,3/1/24,37,control,female,no,233,218,211,209,,,,,,,,,,,,,,,,,,,,,,,,,,,,,,,,,,,,,,
mwmtx1,texas,3/1/24,38,control,female,no,228,214,208,206,,,,,,,,,,,,,,,,,,,,,,,,,,,,,,,,,,,,,,
mwmtx1,texas,3/1/24,39,control,female,no,263,252,243,240,,,,,,,,,,,,,,,,,,,,,,,,,,,,,,,,,,,,,,
mwmtx1,texas,3/1/24,40,control,female,no,243,230,220,214,,,,,,,,,,,,,,,,,,,,,,,,,,,,,,,,,,,,,,
srtx4,texas,1/3/22,1,ethanol,female,yes,217,205,194,187,2,15,4,8,9,2.235294118,3,441.3,0,0,0,4,4,3,2,1,4,3,2,1,3,2.4,0,0,3,2.4,2.4,2.4,2.4,2.4,2.4,2.4,2.4,2.4,2.4,3,2.6,
srtx4,texas,1/3/22,2,ethanol,female,no,222,200,190,183,1.5,15,9,10,8,2.141176471,3,449.5,0,0,0,2,2,2,2,2,1,3,2,2,2.2,2.2,2.6,3,0,2.6,2.6,2.4,2.2,2.6,0,2.6,1,2.6,2.6,2.6,2.6,
srtx4,texas,1/3/22,3,ethanol,female,no,217,206,195,188,1.833333333,15,11,8,4,2.858823529,3.8,463.1,0,0,0,0,1,3,3,1,3,4,4,3,3.4,3,3,3,3,0,3,3,3.8,3,3,3,2.4,3,3,3,3,
srtx4,texas,1/3/22,4,ethanol,female,no,218,211,207,189,2.25,15,3,5,10,2.364705882,3.4,538.9,0,0,0,4,4,4,4,4,2,3,1,1,3.4,3,3,3,2.6,1,3,3,3,0,3,2.6,3,1,3,0,2.6,
srtx4,texas,1/3/22,5,ethanol,female,no,223,208,196,188,1.416666667,15,8,9,11,0.917647059,3,463.5,0,0,0,5,1,1,2,1,3,2,1,1,0,3,0,0,3,2.4,0,0,2.4,2.4,0,0,0,0,0,2.4,0,
srtx4,texas,1/3/22,6,ethanol,female,no,215,196,192,180,1.833333333,13,5,13,7,2.082352941,3.8,404.9,0,0,2,3,4,3,1,0,1,3,1,4,3,2.4,3,3,0,3,3,3.8,0,3,0,0,0,3,2.6,2.6,3,
srtx4,texas,1/3/22,7,ethanol,female,no,201,183,171,166,1.833333333,15,6,8,9,2.341176471,3,554.9,0,0,0,4,2,3,3,3,1,4,1,1,3,3,0,2.4,3,2.6,3,2.4,3,0,2.4,2.4,2.4,2.4,2.4,2.4,3,
srtx4,texas,1/3/22,8,ethanol,female,no,209,194,186,177,2.583333333,15,1,6,7,1.929411765,3.8,450.6,0,0,0,4,5,5,3,3,3,4,2,2,2.6,0,0,0,3,1,2.4,0,3,2.6,2.4,3.8,2.6,3.4,0,3,3,
srtx4,texas,1/3/22,9,ethanol,female,no,209,191,179,174,2.416666667,13,3,8,7,1.882352941,3.8,508.7,0,0,2,4,4,4,3,2,2,3,2,3,3.6,2.4,0,1,0,3.8,0,2.6,3,2.4,1.6,3,0,0,2.6,3,3,
srtx4,texas,1/3/22,10,ethanol,female,no,217,207,198,194,1.5,15,10,11,6,0.964705882,3.8,368.5,0,0,0,2,2,1,1,1,2,3,3,3,2.4,0,0,0,0,0,0,0,0,0,0,2.6,0,2.4,2.6,3.8,2.6,
srtx4,texas,1/3/22,11,control,female,no,226,216,206,200,0,0,0,0,0,,,,,,,,,,,,,,,,,,,,,,,,,,,,,,,,,
srtx4,texas,1/3/22,12,control,female,no,209,196,187,183,0,0,0,0,0,,,,,,,,,,,,,,,,,,,,,,,,,,,,,,,,,
srtx4,texas,1/3/22,13,control,female,no,209,184,172,169,0,0,0,0,0,,,,,,,,,,,,,,,,,,,,,,,,,,,,,,,,,
srtx4,texas,1/3/22,14,control,female,no,210,198,190,186,0,0,0,0,0,,,,,,,,,,,,,,,,,,,,,,,,,,,,,,,,,
srtx4,texas,1/3/22,15,control,female,no,231,210,204,199,0,0,0,0,0,,,,,,,,,,,,,,,,,,,,,,,,,,,,,,,,,
srtx4,texas,1/3/22,16,control,female,no,212,197,189,184,0,0,0,0,0,,,,,,,,,,,,,,,,,,,,,,,,,,,,,,,,,
dth1,kentucky ,9/1/17,3,ethanol,female,no,239.2,228.6,218,209,1.5,15,11,5,11,0.84,3.6,370.03,0,0,0,1,1,2,1,4,5,4,0,0,0,3,0,3,3.6,3.6,0,0,0,0,0,0,2,0,0,0,0,
dth1,kentucky ,9/1/17,4,ethanol,female,no,229.4,215,207,193,1.67,15,8,6,11,2.14,3.8,444.47,0,0,0,0,3,4,4,2,3,2,1,1,0,0,0,3.4,3.4,3.4,3,3,3,3,0,3,1,3,3.8,3,2.6,
dth1,kentucky ,9/1/17,6,ethanol,female,no,218,209,199,190,1.75,15,11,5,8,0.84,3.2,409.67,0,0,0,1,1,2,2,4,4,4,1,2,0,0,0,3,0,0,0,3,3,0,3.2,3,0,0,0,0,0,
dth1,kentucky ,9/1/17,11,ethanol,female,no,229,219,207,202,2,15,10,4,7,0.17,3,267.53,0,0,0,0,2,3,3,4,4,3,4,1,0,0,0,0,0,0,0,3,0,0,0,0,0,0,0,0,0,
dth1,kentucky ,9/1/17,12,ethanol,female,no,223,205,197,190,1.42,15,10,6,12,1,3.8,452.33,0,0,0,1,1,3,3,4,2,2,1,0,0,0,0,0,0,2.6,0,0,0,0,0,0,3,2.6,3,3,3.8,
dth1,kentucky ,9/1/17,13,ethanol,female,no,225,205,198,189,1.58,14,5,10,12,3,0.94,432.63,0,0,1,3,5,2,1,3,1,2,1,0,0,0,0,0,0,0,2,2,0,2.4,0,2.4,0,0,0,2.6,2.6,
dth1,kentucky ,9/1/17,14,ethanol,female,no,231,207,201,190,1.17,14,9,11,12,2.6,0.28,382.43,0,0,1,3,1,2,0,3,1,2,0,1,0,0,0,0,0,0,0,0,0,0,0,0,2.4,0,0,2.6,0,
dth1,kentucky ,9/1/17,16,ethanol,female,no,226,214,201,194,1.33,15,8,10,11,3.6,1.1,416.27,0,0,0,3,1,3,3,2,0,3,1,0,0,3.6,3,0,3,0,2.4,0,2.4,0,3,0,0,0,2.6,0,0,
dth1,kentucky ,9/1/17,18,ethanol,female,no,233,213,204,198,2.08,15,5,9,6,3.8,2.4,342.8,0,0,0,3,4,3,3,1,2,3,3,3,0,2.6,2.6,2.6,3,2.6,0,3,3,3,2.4,3,3.8,3.8,2,2,1.4,
dth1,kentucky ,9/1/17,21,control,female,no,240,222,214,210,,,,,,,,,,,,,,,,,,,,,,,,,,,,,,,,,,,,,,
dth1,kentucky ,9/1/17,22,control,female,no,232,218,209,202,,,,,,,,,,,,,,,,,,,,,,,,,,,,,,,,,,,,,,
dth1,kentucky ,9/1/17,23,control,female,no,225,221,214,209,,,,,,,,,,,,,,,,,,,,,,,,,,,,,,,,,,,,,,
dth1,kentucky ,9/1/17,24,control,female,no,217.5,211,200,194,,,,,,,,,,,,,,,,,,,,,,,,,,,,,,,,,,,,,,
dth1,kentucky ,9/1/17,25,control,female,no,248,212,230,196,,,,,,,,,,,,,,,,,,,,,,,,,,,,,,,,,,,,,,
dth1,kentucky ,9/1/17,26,control,female,no,213,240,203,222.5,,,,,,,,,,,,,,,,,,,,,,,,,,,,,,,,,,,,,,
dth1,kentucky ,9/1/17,27,control,female,no,220,208,201,195,,,,,,,,,,,,,,,,,,,,,,,,,,,,,,,,,,,,,,
dth1,kentucky ,9/1/17,28,control,female,no,223,215,203,198,,,,,,,,,,,,,,,,,,,,,,,,,,,,,,,,,,,,,,
dth1,kentucky ,9/1/17,29,control,female,no,229,215,203,201,,,,,,,,,,,,,,,,,,,,,,,,,,,,,,,,,,,,,,
dth1,kentucky ,9/1/17,30,control,female,no,218,220,211,203,,,,,,,,,,,,,,,,,,,,,,,,,,,,,,,,,,,,,,
dth1,kentucky ,9/1/17,31,control,female,no,222,205,200,193,,,,,,,,,,,,,,,,,,,,,,,,,,,,,,,,,,,,,,
dth1,kentucky ,9/1/17,32,control,female,no,220,210,207,196,,,,,,,,,,,,,,,,,,,,,,,,,,,,,,,,,,,,,,
dth1,kentucky ,9/1/17,33,control,female,no,230,218,211,205,,,,,,,,,,,,,,,,,,,,,,,,,,,,,,,,,,,,,,
dth1,kentucky ,9/1/17,34,control,female,no,229,215,210,202,,,,,,,,,,,,,,,,,,,,,,,,,,,,,,,,,,,,,,
dth1,kentucky ,9/1/17,35,control,female,no,220,205,199,192,,,,,,,,,,,,,,,,,,,,,,,,,,,,,,,,,,,,,,
dth1,kentucky ,9/1/17,36,control,female,no,230,217,211,203,,,,,,,,,,,,,,,,,,,,,,,,,,,,,,,,,,,,,,
dth1,kentucky ,9/1/17,37,control,female,no,241,227,220,215,,,,,,,,,,,,,,,,,,,,,,,,,,,,,,,,,,,,,,
dth1,kentucky ,9/1/17,38,control,female,no,230,216,213,206,,,,,,,,,,,,,,,,,,,,,,,,,,,,,,,,,,,,,,
dth1,kentucky ,9/1/17,39,control,female,no,233,221,216,208,,,,,,,,,,,,,,,,,,,,,,,,,,,,,,,,,,,,,,
dth1,kentucky ,9/1/17,40,control,female,no,222,216,210,201,,,,,,,,,,,,,,,,,,,,,,,,,,,,,,,,,,,,,,
gub1,kentucky ,10/1/12,1,ethanol,male,no,328.4,307.3,284.9,272.5,2.083333333,14,6,8,7,1.266666667,3.6,443.6,0,0,1,3,3,3,4,2,1,3,3,2,2.2,0,0,0,2.4,0,3,2.4,0,0,2.6,0,0,0,3.6,3.6,3,
gub1,kentucky ,10/1/12,2,ethanol,male,no,310.4,299.4,281.2,273.2,1.75,15,8,8,8,1.533333333,3.8,300.8666667,0,0,0,1,3,3,3,2,2,3,2,2,0,0,0,0,0,1.6,0,1.4,3.8,3.8,3.6,1.6,1.4,1.6,1.6,1.4,3.4,
gub1,kentucky ,10/1/12,3,ethanol,male,no,306.3,312.9,293.2,275.4,1.333333333,15,13,9,7,2.9,3.8,363.0333333,0,0,0,0,1,1,2,2,2,4,2,2,3,3,3,3,1.6,2.4,3.8,3,2.4,3.6,3,3,2.4,3,3,2.6,2.6,
gub1,kentucky ,10/1/12,4,ethanol,male,no,310.4,294.9,279.6,263.6,2.333333333,15,4,6,7,2.077777778,3.8,399.2333333,0,0,0,3,4,4,4,3,2,3,3,2,3,3,0,3,0,0,0,3,0,3,3,3.8,2.4,2.4,3,3,2.4,
gub1,kentucky ,10/1/12,5,ethanol,male,no,312.2,301.8,280.7,269.1,1.75,15,10,7,7,1.388888889,3.8,357.4333333,0,0,0,1,2,2,2,3,3,2,2,4,0,0,0,0,0,3,0,3.8,3.8,3.8,3.8,3.8,3,0,0,0,0,
gub1,kentucky ,10/1/12,6,ethanol,male,no,335.9,322,303.3,290.6,1.916666667,15,7,7,8,1.322222222,3.6,363.5,0,0,0,3,3,2,3,3,2,3,2,2,3.6,3.6,3.6,0,0,2,2,0,0,3,3,3,0,0,0,0,0,
gub1,kentucky ,10/1/12,7,ethanol,male,no,310.6,284,269.4,256.4,2,14,5,8,9,2.511111111,3.8,391.8333333,0,0,1,3,4,3,3,2,2,2,2,2,3,3.8,3,3,0,3,3.6,3,3,3.6,3,3,2.4,2.4,3,2.4,0,
gub1,kentucky ,10/1/12,8,ethanol,male,no,313.5,302.4,279.7,268.3,2.083333333,15,5,11,4,1.777777778,3.8,394,0,0,0,4,3,3,2,1,1,3,4,4,3,0,0,3,3.8,3,2.4,3,3,0,0,0,0,3,2.4,3,0,
gub1,kentucky ,10/1/12,9,ethanol,male,no,329.1,319.5,298,288.1,1.916666667,14,8,9,6,1.066666667,2.6,382.6333333,0,0,1,3,2,2,2,2,2,4,3,2,0,0,0,1.4,1.6,0,0,2.4,2.4,2.4,0,2.6,2.4,2.4,1.6,0,0,
gub1,kentucky ,10/1/12,19,control,male,no,301.1,293.4,276.3,267.8,,,,,,,,,,,,,,,,,,,,,,,,,,,,,,,,,,,,,,
gub1,kentucky ,10/1/12,20,control,male,no,316.1,302.7,291.3,279,,,,,,,,,,,,,,,,,,,,,,,,,,,,,,,,,,,,,,
gub1,kentucky ,10/1/12,21,control,male,no,319.5,314.4,297.3,288.9,,,,,,,,,,,,,,,,,,,,,,,,,,,,,,,,,,,,,,
gub1,kentucky ,10/1/12,22,control,male,no,332,320.6,303.9,292.6,,,,,,,,,,,,,,,,,,,,,,,,,,,,,,,,,,,,,,
gub1,kentucky ,10/1/12,23,control,male,no,300,293.6,278.4,270.3,,,,,,,,,,,,,,,,,,,,,,,,,,,,,,,,,,,,,,
gub1,kentucky ,10/1/12,24,control,male,yes,307.5,298.9,275.9,266.9,,,,,,,,,,,,,,,,,,,,,,,,,,,,,,,,,,,,,,
gub1,kentucky ,10/1/12,25,control,male,no,296.2,275.2,262.4,255.7,,,,,,,,,,,,,,,,,,,,,,,,,,,,,,,,,,,,,,
gub1,kentucky ,10/1/12,26,control,male,no,306.2,295,275.8,269.6,,,,,,,,,,,,,,,,,,,,,,,,,,,,,,,,,,,,,,
gub1,kentucky ,10/1/12,27,control,male,no,314,298.5,287.6,277.4,,,,,,,,,,,,,,,,,,,,,,,,,,,,,,,,,,,,,,
gub1,kentucky ,10/1/12,28,control,male,no,304.8,291.5,274.4,267.3,,,,,,,,,,,,,,,,,,,,,,,,,,,,,,,,,,,,,,
gub1,kentucky ,10/1/12,29,control,male,no,310.2,301.2,284.2,273.8,,,,,,,,,,,,,,,,,,,,,,,,,,,,,,,,,,,,,,
gub1,kentucky ,10/1/12,30,control,male,yes,321.5,306.5,292,285.6,,,,,,,,,,,,,,,,,,,,,,,,,,,,,,,,,,,,,,
gub1,kentucky ,10/1/12,31,control,male,no,324.7,310.2,294.4,285.3,,,,,,,,,,,,,,,,,,,,,,,,,,,,,,,,,,,,,,
gub1,kentucky ,10/1/12,32,control,male,no,310.9,294.7,280.2,273.7,,,,,,,,,,,,,,,,,,,,,,,,,,,,,,,,,,,,,,
gub1,kentucky ,10/1/12,33,control,male,no,311.8,295.1,285.9,278.9,,,,,,,,,,,,,,,,,,,,,,,,,,,,,,,,,,,,,,
gub1,kentucky ,10/1/12,34,control,male,no,307.6,301.5,290.8,282.5,,,,,,,,,,,,,,,,,,,,,,,,,,,,,,,,,,,,,,
gub2,kentucky ,3/1/13,1,ethanol,male,yes,308.1,287,267.7,261.5,,11,5,8,12,,,297.1333333,,,,,,,,,,,,,,,,,,,,,,,,,,,,,,
gub2,kentucky ,3/1/13,2,ethanol,male,no,320.2,312,302.1,292,1.25,15,10,9,11,0.725,3.6,250.0666667,,,,,,,,,,,,,,,,,,,,,,,,,,,,,,
gub2,kentucky ,3/1/13,3,ethanol,male,no,303.5,285.6,262.6,256.9,1.75,15,6,9,9,0.45,3.6,370.7,,,,,,,,,,,,,,,,,,,,,,,,,,,,,,
gub2,kentucky ,3/1/13,4,ethanol,male,no,303,287.5,267.5,266.9,2.083333333,15,7,5,8,1.6,3,482.1666667,,,,,,,,,,,,,,,,,,,,,,,,,,,,,,
gub2,kentucky ,3/1/13,5,ethanol,male,yes,307,301.8,284.6,,,15,7,2,0,,,347.2,,,,,,,,,,,,,,,,,,,,,,,,,,,,,,
gub2,kentucky ,3/1/13,6,ethanol,male,no,294,276.9,265,252.4,1.75,14,8,9,8,1.8,3.8,360.1333333,,,,,,,,,,,,,,,,,,,,,,,,,,,,,,
gub2,kentucky ,3/1/13,7,ethanol,male,no,310.6,304,287.6,278.6,2.083333333,14,6,8,7,1.1,3.8,353.4,,,,,,,,,,,,,,,,,,,,,,,,,,,,,,
gub2,kentucky ,3/1/13,8,ethanol,male,no,321.6,299.3,281.6,275.5,2.166666667,15,3,8,8,0.7625,3.6,441,,,,,,,,,,,,,,,,,,,,,,,,,,,,,,
gub2,kentucky ,3/1/13,9,ethanol,male,no,327.3,304.3,281.6,271.7,1.916666667,13,7,7,10,2.35,3.8,449.8,,,,,,,,,,,,,,,,,,,,,,,,,,,,,,
gub2,kentucky ,3/1/13,10,ethanol,male,no,310.5,303.4,282.9,269.6,1.75,15,10,6,8,0.8375,3.8,425.1,,,,,,,,,,,,,,,,,,,,,,,,,,,,,,
gub2,kentucky ,3/1/13,11,ethanol,male,no,327.6,312.3,291.6,289.1,1.5,15,8,7,12,0.2625,1.6,421.3666667,,,,,,,,,,,,,,,,,,,,,,,,,,,,,,
gub2,kentucky ,3/1/13,12,ethanol,male,no,332.3,307.2,284.9,282.2,1.916666667,12,7,8,10,1.275,3.6,369.6333333,,,,,,,,,,,,,,,,,,,,,,,,,,,,,,
gub2,kentucky ,3/1/13,13,ethanol,male,no,317.5,299.3,279,268.7,1.75,14,8,6,11,0.375,3.4,366.8666667,,,,,,,,,,,,,,,,,,,,,,,,,,,,,,
gub2,kentucky ,3/1/13,14,ethanol,male,no,305.4,296.4,291.5,280.1,1.083333333,15,13,11,8,0.625,3,250.1333333,,,,,,,,,,,,,,,,,,,,,,,,,,,,,,
gub2,kentucky ,3/1/13,15,ethanol,male,no,303.6,300.9,286.1,284.3,1.166666667,15,10,11,10,0.85,3,325.6333333,,,,,,,,,,,,,,,,,,,,,,,,,,,,,,
gub2,kentucky ,3/1/13,16,ethanol,male,no,312.6,293.8,272.8,262.1,2.166666667,13,4,8,9,1.1875,3,353.5,,,,,,,,,,,,,,,,,,,,,,,,,,,,,,
gub2,kentucky ,3/1/13,17,ethanol,male,no,299.1,278.4,262.2,255.6,1.166666667,15,9,9,13,1.85,3.6,413.8666667,,,,,,,,,,,,,,,,,,,,,,,,,,,,,,
gub2,kentucky ,3/1/13,18,ethanol,male,no,302.2,294.1,278,266.8,1.416666667,15,10,9,9,0.925,3,319.9666667,,,,,,,,,,,,,,,,,,,,,,,,,,,,,,
gub2,kentucky ,3/1/13,19,ethanol,male,no,336.4,305.9,286.2,287.7,2,12,5,10,9,0.0625,1,316.7333333,,,,,,,,,,,,,,,,,,,,,,,,,,,,,,
gub2,kentucky ,3/1/13,20,ethanol,male,yes,320.4,301.4,277.7,,,13,8,8,0,,,409.9,,,,,,,,,,,,,,,,,,,,,,,,,,,,,,
gub2,kentucky ,3/1/13,21,ethanol,male,yes,316.4,308.7,283,268.3,1.583333333,15,10,9,7,,,306.9,,,,,,,,,,,,,,,,,,,,,,,,,,,,,,
gub2,kentucky ,3/1/13,22,ethanol,male,no,299.3,286.6,268.1,251.8,1.916666667,15,6,6,10,0.35,3,461.6666667,,,,,,,,,,,,,,,,,,,,,,,,,,,,,,
gub2,kentucky ,3/1/13,23,control,male,no,309.1,290.4,279.5,274.5,,,,,,,,,,,,,,,,,,,,,,,,,,,,,,,,,,,,,,
gub2,kentucky ,3/1/13,24,control,male,yes,330.2,316.3,298.5,,,,,,,,,,,,,,,,,,,,,,,,,,,,,,,,,,,,,,,
gub2,kentucky ,3/1/13,25,control,male,no,339,319.1,302.4,296.2,,,,,,,,,,,,,,,,,,,,,,,,,,,,,,,,,,,,,,
gub2,kentucky ,3/1/13,26,control,male,no,305.2,298.9,284.1,277.5,,,,,,,,,,,,,,,,,,,,,,,,,,,,,,,,,,,,,,
gub2,kentucky ,3/1/13,27,control,male,no,324.7,330.8,307.6,295.2,,,,,,,,,,,,,,,,,,,,,,,,,,,,,,,,,,,,,,
gub2,kentucky ,3/1/13,28,control,male,no,302.1,292.1,280.4,270,,,,,,,,,,,,,,,,,,,,,,,,,,,,,,,,,,,,,,
gub2,kentucky ,3/1/13,29,control,male,no,321.6,308.4,292.9,283.9,,,,,,,,,,,,,,,,,,,,,,,,,,,,,,,,,,,,,,
gub2,kentucky ,3/1/13,30,control,male,no,299.8,291.4,279.2,268.5,,,,,,,,,,,,,,,,,,,,,,,,,,,,,,,,,,,,,,
gub2,kentucky ,3/1/13,31,control,male,no,324.6,321.3,298.7,292.3,,,,,,,,,,,,,,,,,,,,,,,,,,,,,,,,,,,,,,
gub2,kentucky ,3/1/13,32,control,male,yes,311,299,284.6,,,,,,,,,,,,,,,,,,,,,,,,,,,,,,,,,,,,,,,
gub2,kentucky ,3/1/13,33,control,male,no,308.1,294.5,283.5,276.5,,,,,,,,,,,,,,,,,,,,,,,,,,,,,,,,,,,,,,
gub2,kentucky ,3/1/13,34,control,male,no,303.9,290.5,269.2,260.9,,,,,,,,,,,,,,,,,,,,,,,,,,,,,,,,,,,,,,
gub2,kentucky ,3/1/13,35,control,male,no,302.6,292.7,279.3,271.8,,,,,,,,,,,,,,,,,,,,,,,,,,,,,,,,,,,,,,
gub2,kentucky ,3/1/13,36,control,male,no,318.4,311.7,294.3,284.5,,,,,,,,,,,,,,,,,,,,,,,,,,,,,,,,,,,,,,
gub2,kentucky ,3/1/13,37,control,male,no,298.5,287.4,272.5,264,,,,,,,,,,,,,,,,,,,,,,,,,,,,,,,,,,,,,,
gub2,kentucky ,3/1/13,38,control,male,no,305.8,293.4,278.3,272.1,,,,,,,,,,,,,,,,,,,,,,,,,,,,,,,,,,,,,,
gub2,kentucky ,3/1/13,39,control,male,no,329.3,310.6,285.1,288.2,,,,,,,,,,,,,,,,,,,,,,,,,,,,,,,,,,,,,,
gub2,kentucky ,3/1/13,40,control,male,no,337.6,328.4,314.9,302.8,,,,,,,,,,,,,,,,,,,,,,,,,,,,,,,,,,,,,,
gub2,kentucky ,3/1/13,41,control,male,no,314.4,306.5,286.9,275.5,,,,,,,,,,,,,,,,,,,,,,,,,,,,,,,,,,,,,,
gub2,kentucky ,3/1/13,42,control,male,no,315.2,309.7,290.4,281.8,,,,,,,,,,,,,,,,,,,,,,,,,,,,,,,,,,,,,,
gub2,kentucky ,3/1/13,43,control,male,no,325.6,309.4,294.6,288.8,,,,,,,,,,,,,,,,,,,,,,,,,,,,,,,,,,,,,,
gub2,kentucky ,3/1/13,44,control,male,no,318,297.2,284.7,275.6,,,,,,,,,,,,,,,,,,,,,,,,,,,,,,,,,,,,,,
gub2,kentucky ,3/1/13,45,control,male,no,324.1,313.2,299.5,289.6,,,,,,,,,,,,,,,,,,,,,,,,,,,,,,,,,,,,,,
gub2,kentucky ,3/1/13,46,control,male,no,302.7,292.1,282.3,272.8,,,,,,,,,,,,,,,,,,,,,,,,,,,,,,,,,,,,,,
gub2,kentucky ,3/1/13,47,control,male,no,321.7,313.8,298.7,291.1,,,,,,,,,,,,,,,,,,,,,,,,,,,,,,,,,,,,,,
gub2,kentucky ,3/1/13,48,control,male,no,337.3,325.8,303.2,293.1,,,,,,,,,,,,,,,,,,,,,,,,,,,,,,,,,,,,,,
gub2,kentucky ,3/1/13,49,control,male,no,324.5,314.8,297.6,290,,,,,,,,,,,,,,,,,,,,,,,,,,,,,,,,,,,,,,
gub2,kentucky ,3/1/13,50,control,male,no,301.6,290,274.9,264.3,,,,,,,,,,,,,,,,,,,,,,,,,,,,,,,,,,,,,,
gub2,kentucky ,3/1/13,51,control,male,yes,312.2,295.3,284.5,,,,,,,,,,,,,,,,,,,,,,,,,,,,,,,,,,,,,,,
gub2,kentucky ,3/1/13,52,control,male,no,319.4,299.7,292.1,289.2,,,,,,,,,,,,,,,,,,,,,,,,,,,,,,,,,,,,,,
gub2,kentucky ,3/1/13,53,control,male,no,309.7,292.7,279.3,272.5,,,,,,,,,,,,,,,,,,,,,,,,,,,,,,,,,,,,,,
gub2,kentucky ,3/1/13,54,control,male,no,314.3,306.1,291.4,282.6,,,,,,,,,,,,,,,,,,,,,,,,,,,,,,,,,,,,,,
gub2,kentucky ,3/1/13,55,control,male,no,306.3,296.4,278.7,274.1,,,,,,,,,,,,,,,,,,,,,,,,,,,,,,,,,,,,,,
gub2,kentucky ,3/1/13,56,control,male,no,330.5,317.1,301.9,291.4,,,,,,,,,,,,,,,,,,,,,,,,,,,,,,,,,,,,,,
gub2,kentucky ,3/1/13,57,ubc,male,no,314.1,317.7,323.5,329.1,,,,,,,,,,,,,,,,,,,,,,,,,,,,,,,,,,,,,,
gub2,kentucky ,3/1/13,58,ubc,male,no,311.3,315.6,325.3,328.1,,,,,,,,,,,,,,,,,,,,,,,,,,,,,,,,,,,,,,
gub2,kentucky ,3/1/13,59,ubc,male,no,314.3,320.7,325.4,333.5,,,,,,,,,,,,,,,,,,,,,,,,,,,,,,,,,,,,,,
gub2,kentucky ,3/1/13,60,ubc,male,no,313.3,319.2,326.8,333.5,,,,,,,,,,,,,,,,,,,,,,,,,,,,,,,,,,,,,,
gub3,kentucky ,6/1/13,1,ethanol,male,no,322.9,299.2,281.6,267.5,2.083333333,14,6,5,10,0.466666667,3.8,313.425,0,0,1,3,3,3,4,3,3,3,0,2,0,0,0,0,1.6,0,0,0,0,3.8,0,0,0,0,0,0,3,0
gub3,kentucky ,6/1/13,2,ethanol,male,no,310.3,297.2,290.4,275.8,1.75,14,13,9,3,0.955555556,3.8,321.4666667,0,0,1,1,0,1,1,2,3,4,4,4,0,0,0,2,2.4,0,3.8,3,0,3,0,0,0,0,3,0,0,0
gub3,kentucky ,6/1/13,3,ethanol,male,no,357.6,349.8,333.5,317.4,1.583333333,15,9,9,8,0.166666667,3,347.85,0,0,0,0,2,3,3,3,2,2,1,1,0,0,0,0,0,0,0,0,0,0,3,0,0,0,0,0,0,0
gub3,kentucky ,6/1/13,4,ethanol,male,no,307.9,306,302.2,294.4,1.25,15,10,9,11,0.588888889,3.6,250.4333333,0,0,0,0,0,0,0,0,2,1,2,0,0,0,0,0,0,0,3.6,2.4,2.4,0,0,0,0,0,2.2,0,0,0
gub3,kentucky ,6/1/13,5,ethanol,male,no,329,317.3,295.8,285.3,1.166666667,15,14,8,9,1.711111111,3.6,310.3666667,0,0,0,1,3,2,2,2,2,3,2,2,0,0,0,0,3.6,0,2,2.4,2.4,2.6,2.4,2.4,2.4,3.4,2.4,2.4,2.4,0
gub3,kentucky ,6/1/13,6,ethanol,male,no,334,318.5,295.2,283.1,1.166666667,15,11,10,10,0.566666667,3,322.425,0,0,0,2,2,1,2,2,2,2,1,1,0,0,0,0,0,0,0,2.4,3,2.4,2.4,0,0,0,0,0,0,0
gub3,kentucky ,6/1/13,7,ethanol,male,no,345.6,341.4,331.4,314.4,1.583333333,15,9,8,9,0.788888889,3,287.9,0,0,0,1,0,0,2,2,3,3,2,1,0,0,0,0,0,0,0,3,3,3,0,0,3,0,2.2,0,0,0
gub3,kentucky ,6/1/13,8,ethanol,male,no,347.6,328.7,317,308,1.666666667,15,8,8,9,0.333333333,3,265.2333333,0,0,0,2,1,1,2,0,3,2,1,2,0,0,0,0,0,0,0,0,0,0,0,3,0,3,0,0,0,0
gub3,kentucky ,6/1/13,9,ethanol,male,no,335,321.6,299.3,289.8,1.666666667,14,11,7,8,0.655555556,3,321.3666667,0,0,0,1,2,3,3,2,2,2,2,2,2.2,0,0,0,0,0,3,0,3,0,0,1.6,2,0,0,0,0,0
gub3,kentucky ,6/1/13,10,ethanol,male,no,319,308.3,293.2,277.7,1.75,14,10,5,10,0.466666667,3,338.2666667,0,0,0,3,1,3,3,1,3,2,2,2,0,0,0,0,0,0,3,2.4,0,0,0,0,0,0,0,0,0,3
gub3,kentucky ,6/1/13,11,ethanol,male,no,330,320,314.1,296.8,2.083333333,15,9,4,7,0.755555556,3,356.5,0,0,1,2,1,1,3,3,2,5,1,1,0,0,0,0,0,0,3,1.6,0,2.4,3,2,0,1.6,0,0,0,0
gub3,kentucky ,6/1/13,12,ethanol,male,no,345,330.8,316.6,303.4,1.416666667,14,10,8,11,0.311111111,3,320.6,0,0,1,2,1,2,2,4,4,4,1,0,0,0,0,0,0,0,0,2.6,0,0,3,0,0,0,0,0,0,0
gub3,kentucky ,6/1/13,13,ethanol,male,no,319.8,301.9,302.1,286.7,1.666666667,15,8,7,10,1.222222222,3,482.225,0,0,0,1,3,2,4,4,3,4,1,3,2.2,0,0,0,0,0,0,0,0,2.4,2.4,2.4,2.4,2.4,2.4,2.4,0,3
gub3,kentucky ,6/1/13,14,ethanol,male,no,322.8,298.1,284.9,276.2,1.25,15,15,8,7,1.777777778,3,383.5,0,0,1,2,2,1,3,2,2,2,2,0,0,0,0,0,0,2.4,2.4,2.4,2.4,2.4,2.4,2.4,2.4,2.4,3,2.4,2.6,2.4
gub3,kentucky ,6/1/13,15,ethanol,male,no,319,304.9,283.7,270.8,1.583333333,15,6,8,12,0.911111111,3.6,287.75,0,0,0,3,1,3,3,3,2,1,3,1,2.4,2.4,0,0,2.6,0,0,0,0,2.4,3.6,0,0,0,3,0,0,0
gub3,kentucky ,6/1/13,16,ethanol,male,no,353.5,350.9,341.4,321.1,2,15,8,6,7,0.166666667,3,151.3,0,0,0,0,0,0,1,3,3,3,3,2,0,0,0,0,0,0,3,0,0,0,0,0,0,0,0,0,0,0
gub3,kentucky ,6/1/13,17,ethanol,male,no,311.3,294.8,274.8,264.7,2.25,13,6,6,8,0.622222222,3,350.4,0,0,0,3,3,3,3,1,3,2,1,0,0,0,1.6,0,0,2.2,0,0,0,0,3,0,0,0,1.4,0,0,3
gub3,kentucky ,6/1/13,18,ethanol,male,no,328.3,324.5,311.9,287.3,2.083333333,14,8,7,6,1.422222222,3.8,462.95,0,0,0,0,3,4,4,3,2,3,3,2,0,3,0,0,0,3,0,0,3.8,0,0,0,0,3,3,3,3,3.8
gub3,kentucky ,6/1/13,19,ethanol,male,no,357,332.5,310.4,295.8,1.25,15,11,11,8,0.688888889,3,424.2666667,0,0,2,3,3,3,3,3,3,2,3,2,2.2,2.2,0,0,0,0,0,0,3,0,0,0,0,0,2,0,0,3
gub3,kentucky ,6/1/13,20,ethanol,male,no,332,318.4,298.6,286.4,1.833333333,13,8,9,8,0.344444444,3.8,449.3666667,0,0,1,2,2,3,3,3,2,3,3,3,2.4,0,0,0,0,0,3.8,0,0,0,0,0,0,0,0,0,0,0
gub3,kentucky ,6/1/13,21,ethanol,male,no,324,318.7,298.7,290.7,1,15,13,10,10,0.566666667,3.6,349.85,0,0,1,0,3,2,2,2,1,2,2,2,0,3.6,2.4,0,0,0,0,0,0,0,0,0,0,0,0,1.4,1.4,1.4
gub3,kentucky ,6/1/13,22,ethanol,male,no,326,302.9,279.7,265,1.833333333,14,11,6,7,1.066666667,3,511.775,0,0,1,3,3,4,3,3,3,2,2,2,0,2.6,0,2.6,2.4,3,3,0,0,1,0,2.6,2,0,0,0,0,0
gub3,kentucky ,6/1/13,23,ethanol,male,no,307.5,290.1,287.1,277.9,2,14,8,6,8,0.711111111,3.8,271.175,0,0,0,1,1,2,2,0,2,3,1,3,0,0,0,0,3,0,0,3,3.8,3,0,0,0,0,0,0,0,0
gub3,kentucky ,6/1/13,24,ethanol,male,no,327,308.9,292.5,282.9,1.666666667,15,9,7,9,0.2,3.6,403.125,0,0,2,1,3,3,2,2,2,2,2,3,0,0,0,0,0,0,0,0,0,0,0,0,0,3.6,0,0,0,0
gub3,kentucky ,6/1/13,25,ethanol,male,no,325,316.1,304.3,293.7,1.416666667,15,10,7,11,0,0,318.425,0,0,0,0,0,2,2,1,2,3,2,0,0,0,0,0,0,0,0,0,0,0,0,0,0,0,0,0,0,0
gub3,kentucky ,6/1/13,26,ethanol,male,no,343,330.5,313.1,303.3,0.416666667,15,15,13,12,0.366666667,3,392.725,0,0,1,1,1,2,2,4,3,4,3,1,2.6,0,0,0,0,1,0,0,0,0,3,0,0,0,0,0,0,0
gub3,kentucky ,6/1/13,27,ethanol,male,no,338,320.6,302,290.3,1.416666667,14,10,10,9,1.855555556,3.8,371.8666667,0,0,1,1,3,3,3,3,3,3,3,1,0,0,0,0,2.2,0,0,3,3.8,3.8,3.8,2.4,2.4,2.4,2.4,2.4,2.4,2.4
gub3,kentucky ,6/1/13,28,ethanol,male,no,333,321.5,301.3,287.8,2.166666667,14,5,6,9,0.844444444,3,428.9,0,0,0,1,2,3,2,3,3,2,2,2,0,0,0,0,0,2.4,2.4,0,2.4,0,3,0,0,0,0,2.4,0,2.6
gub3,kentucky ,6/1/13,29,ethanol,male,no,322.2,297.2,280.6,268.8,2,14,7,6,9,0.288888889,3,434.925,0,0,1,2,3,3,3,3,3,2,1,3,3,2.2,0,0,0,0,0,0,0,0,0,0,0,0,0,0,0,0
gub3,kentucky ,6/1/13,30,ethanol,male,no,336,321.8,314.4,303.6,1.25,14,14,7,10,0.944444444,3,415.95,0,0,1,0,0,1,2,2,4,3,1,1,0,0,0,3,2.6,0,3,3,0,3,2.4,0,0,0,0,0,0,0
gub3,kentucky ,6/1/13,31,ethanol,male,no,345,336.1,322,305.6,1.833333333,15,9,9,5,0.911111111,3.8,313.45,0,0,0,1,2,3,1,2,3,4,3,3,0,3,0,1.6,0,0,3.8,3.6,0,3,0,0,0,0,1.4,0,0,0
gub3,kentucky ,6/1/13,32,ethanol,male,no,320,311.1,287.1,275.5,2,15,6,8,7,1.744444444,3.8,455.425,0,0,0,2,3,4,2,1,4,3,1,4,3.8,3.8,2.4,2.2,2.4,0,3,3,0,0,0,3,2.6,3.8,1.4,0,0,0
gub3,kentucky ,6/1/13,33,ethanol,male,no,303,295.3,277.2,267.2,1.833333333,14,9,8,7,0.888888889,3.8,319.9666667,0,0,1,1,3,2,2,2,3,3,3,2,2.2,1.6,0,3,2.4,0,3,0,3.8,0,0,0,0,0,0,0,0,0
gub3,kentucky ,6/1/13,34,ethanol,male,no,340,326.3,322.4,306.3,1.5,15,15,8,4,1.211111111,3.8,205.575,0,0,0,0,0,0,1,2,4,4,4,3,0,2.6,0,2.6,0,0,2.4,3,2.4,2.6,0,0,0,2.4,0,0,0,3.8
gub3,kentucky ,6/1/13,35,ethanol,male,no,325.4,308.6,309,295.4,1.333333333,15,11,10,8,0.366666667,3.6,271,0,0,0,0,2,2,1,1,3,3,1,3,0,0,0,0,0,0,0,0,0,0,3,3.6,0,0,0,0,0,0
gub3,kentucky ,6/1/13,36,ethanol,male,no,324.1,308.1,294,277.3,1.5,15,12,6,9,0,0,356.55,0,0,0,1,1,1,2,3,4,3,3,0,0,0,0,0,0,0,0,0,0,0,0,0,0,0,0,0,0,0
gub3,kentucky ,6/1/13,37,ethanol,male,no,313,303.9,282.9,272.3,2,14,7,7,8,0.733333333,3,420.15,0,0,1,3,2,3,3,3,2,3,2,2,0,0,0,0,0,2.2,3,0,3,3,0,0,0,0,2,0,0,0
gub3,kentucky ,6/1/13,38,ethanol,male,no,338,341.1,331.4,311.7,1.166666667,15,15,10,6,0.144444444,2.6,240.4333333,0,0,0,0,0,0,1,2,2,3,3,3,0,0,0,0,0,0,0,0,2.6,0,0,0,0,0,0,0,0,0
gub3,kentucky ,6/1/13,39,ethanol,male,yes,310.6,291.6,276.2,,,,,,,,,388.8,0,0,2,2,3,3,3,3,2,2,0,2,,,,,,,,,,,,,,,,,,
gub3,kentucky ,6/1/13,40,ethanol,male,no,334,329.7,322.4,304.4,0.833333333,15,14,12,9,0.811111111,3.6,341.6,0,0,0,0,0,1,1,0,2,3,0,3,2.6,0,0,0,0,0,0,3.6,0,0,0,0,3,0,2.6,0,1.4,1.4
gub3,kentucky ,6/1/13,41,ethanol,male,no,305,282.7,266.3,254.8,2.083333333,15,4,8,8,0.633333333,3,400.75,0,0,0,3,4,4,3,3,1,3,2,2,2.4,0,0,0,0,0,3,3,0,1.4,0,0,1.6,0,0,0,0,0
gub3,kentucky ,6/1/13,42,ethanol,male,no,322,316.9,299.6,278.6,1.916666667,15,9,5,8,1.088888889,3,433.05,0,0,0,0,3,3,4,4,2,4,1,2,0,0,0,2.2,0,0,3,3,0,3,0,3,3,2.4,0,0,0,0
gub3,kentucky ,6/1/13,43,ethanol,male,no,324,314.3,287.1,280.3,1.8,13,7,7,11,0.4,3,429.525,0,0,2,2,3,3,3,3,2,2,0,2,2.6,0,0,0,0,0,0,0,3,1.6,0,0,0,0,0,0,0,0
gub3,kentucky ,6/1/13,44,control,male,no,316,301,287.7,275.4,,,,,,,,,,,,,,,,,,,,,,,,,,,,,,,,,,,,,,
gub3,kentucky ,6/1/13,45,control,male,no,320,311.4,303.6,288.1,,,,,,,,,,,,,,,,,,,,,,,,,,,,,,,,,,,,,,
gub3,kentucky ,6/1/13,46,control,male,no,339.7,324.4,309.5,298.4,,,,,,,,,,,,,,,,,,,,,,,,,,,,,,,,,,,,,,
gub3,kentucky ,6/1/13,47,control,male,no,324,308.7,295.4,,,,,,,,,,,,,,,,,,,,,,,,,,,,,,,,,,,,,,,
gub3,kentucky ,6/1/13,48,control,male,no,348,331.7,321.1,308.9,,,,,,,,,,,,,,,,,,,,,,,,,,,,,,,,,,,,,,
gub3,kentucky ,6/1/13,49,control,male,no,368,347.3,340.6,325.2,,,,,,,,,,,,,,,,,,,,,,,,,,,,,,,,,,,,,,
gub3,kentucky ,6/1/13,50,control,male,no,302,293.9,283.5,270.2,,,,,,,,,,,,,,,,,,,,,,,,,,,,,,,,,,,,,,
gub3,kentucky ,6/1/13,51,control,male,no,329,318.7,307.1,296,,,,,,,,,,,,,,,,,,,,,,,,,,,,,,,,,,,,,,
gub3,kentucky ,6/1/13,52,control,male,no,320,304.8,294.6,286.2,,,,,,,,,,,,,,,,,,,,,,,,,,,,,,,,,,,,,,
gub3,kentucky ,6/1/13,53,control,male,no,318.5,308.1,292.7,282.5,,,,,,,,,,,,,,,,,,,,,,,,,,,,,,,,,,,,,,
gub3,kentucky ,6/1/13,54,control,male,no,323.4,310.5,298.9,286.7,,,,,,,,,,,,,,,,,,,,,,,,,,,,,,,,,,,,,,
gub3,kentucky ,6/1/13,55,control,male,no,317,301.5,288.9,277.6,,,,,,,,,,,,,,,,,,,,,,,,,,,,,,,,,,,,,,
gub3,kentucky ,6/1/13,56,control,male,no,333,314.4,300.9,288.4,,,,,,,,,,,,,,,,,,,,,,,,,,,,,,,,,,,,,,
gub3,kentucky ,6/1/13,57,control,male,no,329,316.3,302.1,288.2,,,,,,,,,,,,,,,,,,,,,,,,,,,,,,,,,,,,,,
gub3,kentucky ,6/1/13,58,control,male,no,316,305.8,296.2,286.4,,,,,,,,,,,,,,,,,,,,,,,,,,,,,,,,,,,,,,
gub3,kentucky ,6/1/13,59,control,male,no,282.8,270.7,256.4,251.2,,,,,,,,,,,,,,,,,,,,,,,,,,,,,,,,,,,,,,
gub3,kentucky ,6/1/13,60,control,male,no,308.1,300.3,286.3,273.7,,,,,,,,,,,,,,,,,,,,,,,,,,,,,,,,,,,,,,
gub3,kentucky ,6/1/13,61,control,male,no,323,309.7,299.3,289.3,,,,,,,,,,,,,,,,,,,,,,,,,,,,,,,,,,,,,,
gub3,kentucky ,6/1/13,62,control,male,no,305,293.9,284.1,272.4,,,,,,,,,,,,,,,,,,,,,,,,,,,,,,,,,,,,,,
gub3,kentucky ,6/1/13,63,control,male,no,316,303.8,290.9,281.7,,,,,,,,,,,,,,,,,,,,,,,,,,,,,,,,,,,,,,
gub3,kentucky ,6/1/13,64,control,male,no,312,295.1,285.5,274.8,,,,,,,,,,,,,,,,,,,,,,,,,,,,,,,,,,,,,,
gub3,kentucky ,6/1/13,65,control,male,no,320.8,306.5,299.5,287.8,,,,,,,,,,,,,,,,,,,,,,,,,,,,,,,,,,,,,,
gub3,kentucky ,6/1/13,66,control,male,no,316.9,302.1,290.2,281.9,,,,,,,,,,,,,,,,,,,,,,,,,,,,,,,,,,,,,,